preprocessing,k,seed,split,cluster,count,median_Fresh,median_Milk,median_Grocery,median_Frozen,median_Detergents_Paper,median_Delicassen,channel_1_rate,channel_2_rate,region_1_rate,region_2_rate,region_3_rate
raw,2,42,train,0,217,7005,3086,3655,1383,764,778,0.709677419354839,0.290322580645161,0.207373271889401,0.105990783410138,0.686635944700461
raw,2,42,train,1,47,30624,4411,5026,3254,500,1440,0.808510638297872,0.191489361702128,0.191489361702128,0.0638297872340425,0.74468085106383
raw,2,42,validation,0,81,6137,4560,5234,1285,1795,741,0.54320987654321,0.45679012345679,0.185185185185185,0.111111111111111,0.703703703703704
raw,2,42,validation,1,7,40721,5025,8117,3915,1579,2916,0.571428571428571,0.428571428571429,0,0,1
raw,2,43,train,0,47,30624,4411,5026,3254,500,1440,0.808510638297872,0.191489361702128,0.191489361702128,0.0638297872340425,0.74468085106383
raw,2,43,train,1,217,7005,3086,3655,1383,764,778,0.709677419354839,0.290322580645161,0.207373271889401,0.105990783410138,0.686635944700461
raw,2,43,validation,0,7,40721,5025,8117,3915,1579,2916,0.571428571428571,0.428571428571429,0,0,1
raw,2,43,validation,1,81,6137,4560,5234,1285,1795,741,0.54320987654321,0.45679012345679,0.185185185185185,0.111111111111111,0.703703703703704
raw,2,44,train,0,217,7005,3086,3655,1383,764,778,0.709677419354839,0.290322580645161,0.207373271889401,0.105990783410138,0.686635944700461
raw,2,44,train,1,47,30624,4411,5026,3254,500,1440,0.808510638297872,0.191489361702128,0.191489361702128,0.0638297872340425,0.74468085106383
raw,2,44,validation,0,81,6137,4560,5234,1285,1795,741,0.54320987654321,0.45679012345679,0.185185185185185,0.111111111111111,0.703703703703704
raw,2,44,validation,1,7,40721,5025,8117,3915,1579,2916,0.571428571428571,0.428571428571429,0,0,1
raw,2,45,train,0,217,7005,3086,3655,1383,764,778,0.709677419354839,0.290322580645161,0.207373271889401,0.105990783410138,0.686635944700461
raw,2,45,train,1,47,30624,4411,5026,3254,500,1440,0.808510638297872,0.191489361702128,0.191489361702128,0.0638297872340425,0.74468085106383
raw,2,45,validation,0,81,6137,4560,5234,1285,1795,741,0.54320987654321,0.45679012345679,0.185185185185185,0.111111111111111,0.703703703703704
raw,2,45,validation,1,7,40721,5025,8117,3915,1579,2916,0.571428571428571,0.428571428571429,0,0,1
raw,2,46,train,0,47,30624,4411,5026,3254,500,1440,0.808510638297872,0.191489361702128,0.191489361702128,0.0638297872340425,0.74468085106383
raw,2,46,train,1,217,7005,3086,3655,1383,764,778,0.709677419354839,0.290322580645161,0.207373271889401,0.105990783410138,0.686635944700461
raw,2,46,validation,0,7,40721,5025,8117,3915,1579,2916,0.571428571428571,0.428571428571429,0,0,1
raw,2,46,validation,1,81,6137,4560,5234,1285,1795,741,0.54320987654321,0.45679012345679,0.185185185185185,0.111111111111111,0.703703703703704
raw,2,47,train,0,217,7005,3086,3655,1383,764,778,0.709677419354839,0.290322580645161,0.207373271889401,0.105990783410138,0.686635944700461
raw,2,47,train,1,47,30624,4411,5026,3254,500,1440,0.808510638297872,0.191489361702128,0.191489361702128,0.0638297872340425,0.74468085106383
raw,2,47,validation,0,81,6137,4560,5234,1285,1795,741,0.54320987654321,0.45679012345679,0.185185185185185,0.111111111111111,0.703703703703704
raw,2,47,validation,1,7,40721,5025,8117,3915,1579,2916,0.571428571428571,0.428571428571429,0,0,1
raw,2,48,train,0,217,7005,3086,3655,1383,764,778,0.709677419354839,0.290322580645161,0.207373271889401,0.105990783410138,0.686635944700461
raw,2,48,train,1,47,30624,4411,5026,3254,500,1440,0.808510638297872,0.191489361702128,0.191489361702128,0.0638297872340425,0.74468085106383
raw,2,48,validation,0,81,6137,4560,5234,1285,1795,741,0.54320987654321,0.45679012345679,0.185185185185185,0.111111111111111,0.703703703703704
raw,2,48,validation,1,7,40721,5025,8117,3915,1579,2916,0.571428571428571,0.428571428571429,0,0,1
raw,2,49,train,0,217,7005,3086,3655,1383,764,778,0.709677419354839,0.290322580645161,0.207373271889401,0.105990783410138,0.686635944700461
raw,2,49,train,1,47,30624,4411,5026,3254,500,1440,0.808510638297872,0.191489361702128,0.191489361702128,0.0638297872340425,0.74468085106383
raw,2,49,validation,0,81,6137,4560,5234,1285,1795,741,0.54320987654321,0.45679012345679,0.185185185185185,0.111111111111111,0.703703703703704
raw,2,49,validation,1,7,40721,5025,8117,3915,1579,2916,0.571428571428571,0.428571428571429,0,0,1
raw,2,50,train,0,217,7005,3086,3655,1383,764,778,0.709677419354839,0.290322580645161,0.207373271889401,0.105990783410138,0.686635944700461
raw,2,50,train,1,47,30624,4411,5026,3254,500,1440,0.808510638297872,0.191489361702128,0.191489361702128,0.0638297872340425,0.74468085106383
raw,2,50,validation,0,81,6137,4560,5234,1285,1795,741,0.54320987654321,0.45679012345679,0.185185185185185,0.111111111111111,0.703703703703704
raw,2,50,validation,1,7,40721,5025,8117,3915,1579,2916,0.571428571428571,0.428571428571429,0,0,1
raw,2,51,train,0,47,30624,4411,5026,3254,500,1440,0.808510638297872,0.191489361702128,0.191489361702128,0.0638297872340425,0.74468085106383
raw,2,51,train,1,217,7005,3086,3655,1383,764,778,0.709677419354839,0.290322580645161,0.207373271889401,0.105990783410138,0.686635944700461
raw,2,51,validation,0,7,40721,5025,8117,3915,1579,2916,0.571428571428571,0.428571428571429,0,0,1
raw,2,51,validation,1,81,6137,4560,5234,1285,1795,741,0.54320987654321,0.45679012345679,0.185185185185185,0.111111111111111,0.703703703703704
raw,3,42,train,0,182,6240,2708,3400.5,1280,600.5,711,0.769230769230769,0.230769230769231,0.214285714285714,0.0934065934065934,0.692307692307692
raw,3,42,train,1,58,27124.5,3600,4212,2963.5,446.5,1230,0.844827586206897,0.155172413793103,0.189655172413793,0.0862068965517241,0.724137931034483
raw,3,42,train,2,24,9478.5,18793.5,23917.5,2228,10871,1942,0.125,0.875,0.166666666666667,0.166666666666667,0.666666666666667
raw,3,42,validation,0,68,6821,3840.5,4553,1222,910.5,740,0.602941176470588,0.397058823529412,0.161764705882353,0.117647058823529,0.720588235294118
raw,3,42,validation,1,10,29825.5,3710,6537,5113.5,1199,1888,0.7,0.3,0,0,1
raw,3,42,validation,2,10,3322.5,13022.5,24776.5,1092,12529,1475,0,1,0.4,0.1,0.5
raw,3,43,train,0,24,9478.5,18793.5,23917.5,2228,10871,1942,0.125,0.875,0.166666666666667,0.166666666666667,0.666666666666667
raw,3,43,train,1,182,6240,2708,3400.5,1280,600.5,711,0.769230769230769,0.230769230769231,0.214285714285714,0.0934065934065934,0.692307692307692
raw,3,43,train,2,58,27124.5,3600,4212,2963.5,446.5,1230,0.844827586206897,0.155172413793103,0.189655172413793,0.0862068965517241,0.724137931034483
raw,3,43,validation,0,10,3322.5,13022.5,24776.5,1092,12529,1475,0,1,0.4,0.1,0.5
raw,3,43,validation,1,68,6821,3840.5,4553,1222,910.5,740,0.602941176470588,0.397058823529412,0.161764705882353,0.117647058823529,0.720588235294118
raw,3,43,validation,2,10,29825.5,3710,6537,5113.5,1199,1888,0.7,0.3,0,0,1
raw,3,44,train,0,56,27248,3681,4503,2963.5,446.5,1287.5,0.839285714285714,0.160714285714286,0.196428571428571,0.0892857142857143,0.714285714285714
raw,3,44,train,1,184,6284.5,2708,3352.5,1307.5,589,709.5,0.771739130434783,0.228260869565217,0.21195652173913,0.0923913043478261,0.695652173913043
raw,3,44,train,2,24,9478.5,18793.5,23917.5,2228,10871,1942,0.125,0.875,0.166666666666667,0.166666666666667,0.666666666666667
raw,3,44,validation,0,9,37036,3916,7198,3915,1480,1278,0.666666666666667,0.333333333333333,0,0,1
raw,3,44,validation,1,69,6884,3801,4523,1285,759,741,0.608695652173913,0.391304347826087,0.159420289855072,0.115942028985507,0.72463768115942
raw,3,44,validation,2,10,3322.5,13022.5,24776.5,1092,12529,1475,0,1,0.4,0.1,0.5
raw,3,45,train,0,56,27248,3681,4503,2963.5,446.5,1287.5,0.839285714285714,0.160714285714286,0.196428571428571,0.0892857142857143,0.714285714285714
raw,3,45,train,1,24,9478.5,18793.5,23917.5,2228,10871,1942,0.125,0.875,0.166666666666667,0.166666666666667,0.666666666666667
raw,3,45,train,2,184,6284.5,2708,3352.5,1307.5,589,709.5,0.771739130434783,0.228260869565217,0.21195652173913,0.0923913043478261,0.695652173913043
raw,3,45,validation,0,9,37036,3916,7198,3915,1480,1278,0.666666666666667,0.333333333333333,0,0,1
raw,3,45,validation,1,10,3322.5,13022.5,24776.5,1092,12529,1475,0,1,0.4,0.1,0.5
raw,3,45,validation,2,69,6884,3801,4523,1285,759,741,0.608695652173913,0.391304347826087,0.159420289855072,0.115942028985507,0.72463768115942
raw,3,46,train,0,193,6633,2616,3389,1336,592,715,0.766839378238342,0.233160621761658,0.207253886010363,0.0932642487046632,0.699481865284974
raw,3,46,train,1,24,9478.5,18793.5,23917.5,2228,10871,1942,0.125,0.875,0.166666666666667,0.166666666666667,0.666666666666667
raw,3,46,train,2,47,29635,3836,4252,3046,436,1391,0.872340425531915,0.127659574468085,0.212765957446809,0.0851063829787234,0.702127659574468
raw,3,46,validation,0,70,7016.5,3717.5,4282.5,1352.5,737.5,745,0.614285714285714,0.385714285714286,0.157142857142857,0.114285714285714,0.728571428571429
raw,3,46,validation,1,10,3322.5,13022.5,24776.5,1092,12529,1475,0,1,0.4,0.1,0.5
raw,3,46,validation,2,8,38878.5,4470.5,7657.5,3505,1529.5,1888,0.625,0.375,0,0,1
raw,3,47,train,0,182,6240,2708,3400.5,1280,600.5,711,0.769230769230769,0.230769230769231,0.214285714285714,0.0934065934065934,0.692307692307692
raw,3,47,train,1,58,27124.5,3600,4212,2963.5,446.5,1230,0.844827586206897,0.155172413793103,0.189655172413793,0.0862068965517241,0.724137931034483
raw,3,47,train,2,24,9478.5,18793.5,23917.5,2228,10871,1942,0.125,0.875,0.166666666666667,0.166666666666667,0.666666666666667
raw,3,47,validation,0,68,6821,3840.5,4553,1222,910.5,740,0.602941176470588,0.397058823529412,0.161764705882353,0.117647058823529,0.720588235294118
raw,3,47,validation,1,10,29825.5,3710,6537,5113.5,1199,1888,0.7,0.3,0,0,1
raw,3,47,validation,2,10,3322.5,13022.5,24776.5,1092,12529,1475,0,1,0.4,0.1,0.5
raw,3,48,train,0,56,27248,3681,4503,2963.5,446.5,1287.5,0.839285714285714,0.160714285714286,0.196428571428571,0.0892857142857143,0.714285714285714
raw,3,48,train,1,24,9478.5,18793.5,23917.5,2228,10871,1942,0.125,0.875,0.166666666666667,0.166666666666667,0.666666666666667
raw,3,48,train,2,184,6284.5,2708,3352.5,1307.5,589,709.5,0.771739130434783,0.228260869565217,0.21195652173913,0.0923913043478261,0.695652173913043
raw,3,48,validation,0,9,37036,3916,7198,3915,1480,1278,0.666666666666667,0.333333333333333,0,0,1
raw,3,48,validation,1,10,3322.5,13022.5,24776.5,1092,12529,1475,0,1,0.4,0.1,0.5
raw,3,48,validation,2,69,6884,3801,4523,1285,759,741,0.608695652173913,0.391304347826087,0.159420289855072,0.115942028985507,0.72463768115942
raw,3,49,train,0,184,6284.5,2708,3352.5,1307.5,589,709.5,0.771739130434783,0.228260869565217,0.21195652173913,0.0923913043478261,0.695652173913043
raw,3,49,train,1,24,9478.5,18793.5,23917.5,2228,10871,1942,0.125,0.875,0.166666666666667,0.166666666666667,0.666666666666667
raw,3,49,train,2,56,27248,3681,4503,2963.5,446.5,1287.5,0.839285714285714,0.160714285714286,0.196428571428571,0.0892857142857143,0.714285714285714
raw,3,49,validation,0,69,6884,3801,4523,1285,759,741,0.608695652173913,0.391304347826087,0.159420289855072,0.115942028985507,0.72463768115942
raw,3,49,validation,1,10,3322.5,13022.5,24776.5,1092,12529,1475,0,1,0.4,0.1,0.5
raw,3,49,validation,2,9,37036,3916,7198,3915,1480,1278,0.666666666666667,0.333333333333333,0,0,1
raw,3,50,train,0,58,27124.5,3600,4212,2963.5,446.5,1230,0.844827586206897,0.155172413793103,0.189655172413793,0.0862068965517241,0.724137931034483
raw,3,50,train,1,182,6240,2708,3400.5,1280,600.5,711,0.769230769230769,0.230769230769231,0.214285714285714,0.0934065934065934,0.692307692307692
raw,3,50,train,2,24,9478.5,18793.5,23917.5,2228,10871,1942,0.125,0.875,0.166666666666667,0.166666666666667,0.666666666666667
raw,3,50,validation,0,10,29825.5,3710,6537,5113.5,1199,1888,0.7,0.3,0,0,1
raw,3,50,validation,1,68,6821,3840.5,4553,1222,910.5,740,0.602941176470588,0.397058823529412,0.161764705882353,0.117647058823529,0.720588235294118
raw,3,50,validation,2,10,3322.5,13022.5,24776.5,1092,12529,1475,0,1,0.4,0.1,0.5
raw,3,51,train,0,193,6633,2616,3389,1336,592,715,0.766839378238342,0.233160621761658,0.207253886010363,0.0932642487046632,0.699481865284974
raw,3,51,train,1,24,9478.5,18793.5,23917.5,2228,10871,1942,0.125,0.875,0.166666666666667,0.166666666666667,0.666666666666667
raw,3,51,train,2,47,29635,3836,4252,3046,436,1391,0.872340425531915,0.127659574468085,0.212765957446809,0.0851063829787234,0.702127659574468
raw,3,51,validation,0,70,7016.5,3717.5,4282.5,1352.5,737.5,745,0.614285714285714,0.385714285714286,0.157142857142857,0.114285714285714,0.728571428571429
raw,3,51,validation,1,10,3322.5,13022.5,24776.5,1092,12529,1475,0,1,0.4,0.1,0.5
raw,3,51,validation,2,8,38878.5,4470.5,7657.5,3505,1529.5,1888,0.625,0.375,0,0,1
raw,4,42,train,0,39,4098,12653,19172,1128,7558,1543,0.128205128205128,0.871794871794872,0.205128205128205,0.179487179487179,0.615384615384615
raw,4,42,train,1,162,6810,2181.5,3046,1386,472.5,702,0.839506172839506,0.160493827160494,0.216049382716049,0.0864197530864197,0.697530864197531
raw,4,42,train,2,5,36847,43950,32114,7782,20070,6465,0.4,0.6,0,0,1
raw,4,42,train,3,58,26810.5,3598.5,4212,2862,446.5,1230,0.844827586206897,0.155172413793103,0.189655172413793,0.0862068965517241,0.724137931034483
raw,4,42,validation,0,23,3136,10940,17569,1116,7425,797,0,1,0.260869565217391,0.0869565217391304,0.652173913043478
raw,4,42,validation,1,53,7864,2374,2543,1457,397,689,0.773584905660377,0.226415094339623,0.169811320754717,0.132075471698113,0.69811320754717
raw,4,42,validation,2,1,16117,46197,92780,1026,40827,2944,0,1,0,0,1
raw,4,42,validation,3,11,22615,3916,7198,3915,1480,2498,0.636363636363636,0.363636363636364,0,0,1
raw,4,43,train,0,47,29635,3836,4252,3046,436,1391,0.872340425531915,0.127659574468085,0.212765957446809,0.0851063829787234,0.702127659574468
raw,4,43,train,1,174,7674,2143,3046,1395.5,476.5,709.5,0.833333333333333,0.166666666666667,0.206896551724138,0.0862068965517241,0.706896551724138
raw,4,43,train,2,4,36394.5,49104.5,43842.5,5518,22120.5,4241,0.25,0.75,0,0,1
raw,4,43,train,3,39,4098,12653,19172,1128,7558,1543,0.128205128205128,0.871794871794872,0.205128205128205,0.179487179487179,0.615384615384615
raw,4,43,validation,0,7,40721,5025,8117,3915,1579,2498,0.571428571428571,0.428571428571429,0,0,1
raw,4,43,validation,1,57,8708,2374,2543,1504,483,739,0.771929824561403,0.228070175438596,0.157894736842105,0.12280701754386,0.719298245614035
raw,4,43,validation,2,1,16117,46197,92780,1026,40827,2944,0,1,0,0,1
raw,4,43,validation,3,23,3136,10940,17569,1116,7425,797,0,1,0.260869565217391,0.0869565217391304,0.652173913043478
raw,4,44,train,0,58,26810.5,3598.5,4212,2862,446.5,1230,0.844827586206897,0.155172413793103,0.189655172413793,0.0862068965517241,0.724137931034483
raw,4,44,train,1,37,4456,12653,19816,1234,7883,1543,0.108108108108108,0.891891891891892,0.216216216216216,0.162162162162162,0.621621621621622
raw,4,44,train,2,5,36847,43950,32114,7782,20070,6465,0.4,0.6,0,0,1
raw,4,44,train,3,164,6628,2232.5,3091,1362,472.5,702,0.835365853658537,0.164634146341463,0.213414634146341,0.0914634146341463,0.695121951219512
raw,4,44,validation,0,11,22615,3916,7198,3915,1480,2498,0.636363636363636,0.363636363636364,0,0,1
raw,4,44,validation,1,22,2834,11016.5,18225,1035.5,7621.5,895,0,1,0.272727272727273,0.0909090909090909,0.636363636363636
raw,4,44,validation,2,1,16117,46197,92780,1026,40827,2944,0,1,0,0,1
raw,4,44,validation,3,54,7952,2401,2545.5,1480.5,399.5,686.5,0.759259259259259,0.240740740740741,0.166666666666667,0.12962962962963,0.703703703703704
raw,4,45,train,0,39,4098,12653,19172,1128,7558,1543,0.128205128205128,0.871794871794872,0.205128205128205,0.179487179487179,0.615384615384615
raw,4,45,train,1,178,7801.5,2143,3027,1418.5,472.5,709.5,0.831460674157303,0.168539325842697,0.202247191011236,0.0898876404494382,0.707865168539326
raw,4,45,train,2,43,29729,3944,4757,3242,439,1391,0.883720930232558,0.116279069767442,0.232558139534884,0.0697674418604651,0.697674418604651
raw,4,45,train,3,4,36394.5,49104.5,43842.5,5518,22120.5,4241,0.25,0.75,0,0,1
raw,4,45,validation,0,23,3136,10940,17569,1116,7425,797,0,1,0.260869565217391,0.0869565217391304,0.652173913043478
raw,4,45,validation,1,58,8884.5,2401,2545.5,1575,487.5,714,0.758620689655172,0.241379310344828,0.155172413793103,0.120689655172414,0.724137931034483
raw,4,45,validation,2,6,41993,4470.5,7657.5,5113.5,1529.5,2707,0.666666666666667,0.333333333333333,0,0,1
raw,4,45,validation,3,1,16117,46197,92780,1026,40827,2944,0,1,0,0,1
raw,4,46,train,0,39,4098,12653,19172,1128,7558,1543,0.128205128205128,0.871794871794872,0.205128205128205,0.179487179487179,0.615384615384615
raw,4,46,train,1,58,26810.5,3598.5,4212,2862,446.5,1230,0.844827586206897,0.155172413793103,0.189655172413793,0.0862068965517241,0.724137931034483
raw,4,46,train,2,5,36847,43950,32114,7782,20070,6465,0.4,0.6,0,0,1
raw,4,46,train,3,162,6810,2181.5,3046,1386,472.5,702,0.839506172839506,0.160493827160494,0.216049382716049,0.0864197530864197,0.697530864197531
raw,4,46,validation,0,23,3136,10940,17569,1116,7425,797,0,1,0.260869565217391,0.0869565217391304,0.652173913043478
raw,4,46,validation,1,11,22615,3916,7198,3915,1480,2498,0.636363636363636,0.363636363636364,0,0,1
raw,4,46,validation,2,1,16117,46197,92780,1026,40827,2944,0,1,0,0,1
raw,4,46,validation,3,53,7864,2374,2543,1457,397,689,0.773584905660377,0.226415094339623,0.169811320754717,0.132075471698113,0.69811320754717
raw,4,47,train,0,163,6633,2209,3047,1383,476,697,0.834355828220859,0.165644171779141,0.214723926380368,0.0920245398773006,0.693251533742331
raw,4,47,train,1,58,26810.5,3598.5,4212,2862,446.5,1230,0.844827586206897,0.155172413793103,0.189655172413793,0.0862068965517241,0.724137931034483
raw,4,47,train,2,38,4277,11731.5,19494,1181,7720.5,1584,0.131578947368421,0.868421052631579,0.210526315789474,0.157894736842105,0.631578947368421
raw,4,47,train,3,5,36847,43950,32114,7782,20070,6465,0.4,0.6,0,0,1
raw,4,47,validation,0,54,7952,2401,2545.5,1480.5,399.5,686.5,0.759259259259259,0.240740740740741,0.166666666666667,0.12962962962963,0.703703703703704
raw,4,47,validation,1,11,22615,3916,7198,3915,1480,2498,0.636363636363636,0.363636363636364,0,0,1
raw,4,47,validation,2,22,2834,11016.5,18225,1035.5,7621.5,895,0,1,0.272727272727273,0.0909090909090909,0.636363636363636
raw,4,47,validation,3,1,16117,46197,92780,1026,40827,2944,0,1,0,0,1
raw,4,48,train,0,58,26810.5,3598.5,4212,2862,446.5,1230,0.844827586206897,0.155172413793103,0.189655172413793,0.0862068965517241,0.724137931034483
raw,4,48,train,1,162,6810,2181.5,3046,1386,472.5,702,0.839506172839506,0.160493827160494,0.216049382716049,0.0864197530864197,0.697530864197531
raw,4,48,train,2,39,4098,12653,19172,1128,7558,1543,0.128205128205128,0.871794871794872,0.205128205128205,0.179487179487179,0.615384615384615
raw,4,48,train,3,5,36847,43950,32114,7782,20070,6465,0.4,0.6,0,0,1
raw,4,48,validation,0,11,22615,3916,7198,3915,1480,2498,0.636363636363636,0.363636363636364,0,0,1
raw,4,48,validation,1,53,7864,2374,2543,1457,397,689,0.773584905660377,0.226415094339623,0.169811320754717,0.132075471698113,0.69811320754717
raw,4,48,validation,2,23,3136,10940,17569,1116,7425,797,0,1,0.260869565217391,0.0869565217391304,0.652173913043478
raw,4,48,validation,3,1,16117,46197,92780,1026,40827,2944,0,1,0,0,1
raw,4,49,train,0,39,4098,12653,19172,1128,7558,1543,0.128205128205128,0.871794871794872,0.205128205128205,0.179487179487179,0.615384615384615
raw,4,49,train,1,5,36847,43950,32114,7782,20070,6465,0.4,0.6,0,0,1
raw,4,49,train,2,58,26810.5,3598.5,4212,2862,446.5,1230,0.844827586206897,0.155172413793103,0.189655172413793,0.0862068965517241,0.724137931034483
raw,4,49,train,3,162,6810,2181.5,3046,1386,472.5,702,0.839506172839506,0.160493827160494,0.216049382716049,0.0864197530864197,0.697530864197531
raw,4,49,validation,0,23,3136,10940,17569,1116,7425,797,0,1,0.260869565217391,0.0869565217391304,0.652173913043478
raw,4,49,validation,1,1,16117,46197,92780,1026,40827,2944,0,1,0,0,1
raw,4,49,validation,2,11,22615,3916,7198,3915,1480,2498,0.636363636363636,0.363636363636364,0,0,1
raw,4,49,validation,3,53,7864,2374,2543,1457,397,689,0.773584905660377,0.226415094339623,0.169811320754717,0.132075471698113,0.69811320754717
raw,4,50,train,0,47,29635,3836,4252,3046,436,1391,0.872340425531915,0.127659574468085,0.212765957446809,0.0851063829787234,0.702127659574468
raw,4,50,train,1,174,7674,2143,3046,1395.5,476.5,709.5,0.833333333333333,0.166666666666667,0.206896551724138,0.0862068965517241,0.706896551724138
raw,4,50,train,2,4,36394.5,49104.5,43842.5,5518,22120.5,4241,0.25,0.75,0,0,1
raw,4,50,train,3,39,4098,12653,19172,1128,7558,1543,0.128205128205128,0.871794871794872,0.205128205128205,0.179487179487179,0.615384615384615
raw,4,50,validation,0,7,40721,5025,8117,3915,1579,2498,0.571428571428571,0.428571428571429,0,0,1
raw,4,50,validation,1,57,8708,2374,2543,1504,483,739,0.771929824561403,0.228070175438596,0.157894736842105,0.12280701754386,0.719298245614035
raw,4,50,validation,2,1,16117,46197,92780,1026,40827,2944,0,1,0,0,1
raw,4,50,validation,3,23,3136,10940,17569,1116,7425,797,0,1,0.260869565217391,0.0869565217391304,0.652173913043478
raw,4,51,train,0,162,6810,2181.5,3046,1386,472.5,702,0.839506172839506,0.160493827160494,0.216049382716049,0.0864197530864197,0.697530864197531
raw,4,51,train,1,58,26810.5,3598.5,4212,2862,446.5,1230,0.844827586206897,0.155172413793103,0.189655172413793,0.0862068965517241,0.724137931034483
raw,4,51,train,2,5,36847,43950,32114,7782,20070,6465,0.4,0.6,0,0,1
raw,4,51,train,3,39,4098,12653,19172,1128,7558,1543,0.128205128205128,0.871794871794872,0.205128205128205,0.179487179487179,0.615384615384615
raw,4,51,validation,0,53,7864,2374,2543,1457,397,689,0.773584905660377,0.226415094339623,0.169811320754717,0.132075471698113,0.69811320754717
raw,4,51,validation,1,11,22615,3916,7198,3915,1480,2498,0.636363636363636,0.363636363636364,0,0,1
raw,4,51,validation,2,1,16117,46197,92780,1026,40827,2944,0,1,0,0,1
raw,4,51,validation,3,23,3136,10940,17569,1116,7425,797,0,1,0.260869565217391,0.0869565217391304,0.652173913043478
raw,5,42,train,0,149,6202,2154,3007,1336,469,686,0.845637583892617,0.154362416107383,0.214765100671141,0.0939597315436242,0.691275167785235
raw,5,42,train,1,7,53205,4563,6536,6422,967,2253,1,0,0.428571428571429,0,0.571428571428571
raw,5,42,train,2,38,4277,11731.5,19494,1181,7720.5,1584,0.131578947368421,0.868421052631579,0.210526315789474,0.157894736842105,0.631578947368421
raw,5,42,train,3,66,23828.5,3185,3719,2426.5,432.5,1160.5,0.803030303030303,0.196969696969697,0.166666666666667,0.0909090909090909,0.742424242424242
raw,5,42,train,4,4,36394.5,49104.5,43842.5,5518,22120.5,4241,0.25,0.75,0,0,1
raw,5,42,validation,0,48,7016.5,2372.5,2474.5,1438.5,447,669,0.770833333333333,0.229166666666667,0.1875,0.104166666666667,0.708333333333333
raw,5,42,validation,1,3,56082,3504,8117,10002,1480,2916,1,0,0,0,1
raw,5,42,validation,2,23,3136,10940,17569,1116,7425,797,0,1,0.260869565217391,0.0869565217391304,0.652173913043478
raw,5,42,validation,3,13,19046,3916,2886,2995,716,925,0.615384615384615,0.384615384615385,0,0.153846153846154,0.846153846153846
raw,5,42,validation,4,1,16117,46197,92780,1026,40827,2944,0,1,0,0,1
raw,5,43,train,0,67,21465,2872,3810,2532,429,1092,0.82089552238806,0.17910447761194,0.194029850746269,0.104477611940299,0.701492537313433
raw,5,43,train,1,13,45640,3944,3779,4510,751,1404,0.923076923076923,0.0769230769230769,0.230769230769231,0,0.769230769230769
raw,5,43,train,2,144,5882.5,2394,3027,1307.5,476.5,702,0.840277777777778,0.159722222222222,0.208333333333333,0.0902777777777778,0.701388888888889
raw,5,43,train,3,4,36394.5,49104.5,43842.5,5518,22120.5,4241,0.25,0.75,0,0,1
raw,5,43,train,4,36,4291,12675,19831.5,1254,7959,1584,0.0833333333333333,0.916666666666667,0.222222222222222,0.166666666666667,0.611111111111111
raw,5,43,validation,0,14,18322.5,4256.5,2864,2775,639,881.5,0.642857142857143,0.357142857142857,0.0714285714285714,0.142857142857143,0.785714285714286
raw,5,43,validation,1,4,49673.5,3710,6996.5,8157,1529.5,2707,0.75,0.25,0,0,1
raw,5,43,validation,2,47,6884,2317,2543,1457,402,654,0.765957446808511,0.234042553191489,0.170212765957447,0.106382978723404,0.723404255319149
raw,5,43,validation,3,1,16117,46197,92780,1026,40827,2944,0,1,0,0,1
raw,5,43,validation,4,22,2834,11016.5,18225,1035.5,7621.5,895,0,1,0.272727272727273,0.0909090909090909,0.636363636363636
raw,5,44,train,0,67,21465,2872,3810,2532,429,1092,0.82089552238806,0.17910447761194,0.194029850746269,0.104477611940299,0.701492537313433
raw,5,44,train,1,36,4291,12675,19831.5,1254,7959,1584,0.0833333333333333,0.916666666666667,0.222222222222222,0.166666666666667,0.611111111111111
raw,5,44,train,2,4,36394.5,49104.5,43842.5,5518,22120.5,4241,0.25,0.75,0,0,1
raw,5,44,train,3,144,5882.5,2394,3027,1307.5,476.5,702,0.840277777777778,0.159722222222222,0.208333333333333,0.0902777777777778,0.701388888888889
raw,5,44,train,4,13,45640,3944,3779,4510,751,1404,0.923076923076923,0.0769230769230769,0.230769230769231,0,0.769230769230769
raw,5,44,validation,0,14,18322.5,4256.5,2864,2775,639,881.5,0.642857142857143,0.357142857142857,0.0714285714285714,0.142857142857143,0.785714285714286
raw,5,44,validation,1,22,2834,11016.5,18225,1035.5,7621.5,895,0,1,0.272727272727273,0.0909090909090909,0.636363636363636
raw,5,44,validation,2,1,16117,46197,92780,1026,40827,2944,0,1,0,0,1
raw,5,44,validation,3,47,6884,2317,2543,1457,402,654,0.765957446808511,0.234042553191489,0.170212765957447,0.106382978723404,0.723404255319149
raw,5,44,validation,4,4,49673.5,3710,6996.5,8157,1529.5,2707,0.75,0.25,0,0,1
raw,5,45,train,0,144,5882.5,2394,3027,1307.5,476.5,702,0.840277777777778,0.159722222222222,0.208333333333333,0.0902777777777778,0.701388888888889
raw,5,45,train,1,4,36394.5,49104.5,43842.5,5518,22120.5,4241,0.25,0.75,0,0,1
raw,5,45,train,2,67,21465,2872,3810,2532,429,1092,0.82089552238806,0.17910447761194,0.194029850746269,0.104477611940299,0.701492537313433
raw,5,45,train,3,36,4291,12675,19831.5,1254,7959,1584,0.0833333333333333,0.916666666666667,0.222222222222222,0.166666666666667,0.611111111111111
raw,5,45,train,4,13,45640,3944,3779,4510,751,1404,0.923076923076923,0.0769230769230769,0.230769230769231,0,0.769230769230769
raw,5,45,validation,0,47,6884,2317,2543,1457,402,654,0.765957446808511,0.234042553191489,0.170212765957447,0.106382978723404,0.723404255319149
raw,5,45,validation,1,1,16117,46197,92780,1026,40827,2944,0,1,0,0,1
raw,5,45,validation,2,14,18322.5,4256.5,2864,2775,639,881.5,0.642857142857143,0.357142857142857,0.0714285714285714,0.142857142857143,0.785714285714286
raw,5,45,validation,3,22,2834,11016.5,18225,1035.5,7621.5,895,0,1,0.272727272727273,0.0909090909090909,0.636363636363636
raw,5,45,validation,4,4,49673.5,3710,6996.5,8157,1529.5,2707,0.75,0.25,0,0,1
raw,5,46,train,0,67,21465,2872,3810,2532,429,1092,0.82089552238806,0.17910447761194,0.194029850746269,0.104477611940299,0.701492537313433
raw,5,46,train,1,4,36394.5,49104.5,43842.5,5518,22120.5,4241,0.25,0.75,0,0,1
raw,5,46,train,2,144,5882.5,2394,3027,1307.5,476.5,702,0.840277777777778,0.159722222222222,0.208333333333333,0.0902777777777778,0.701388888888889
raw,5,46,train,3,13,45640,3944,3779,4510,751,1404,0.923076923076923,0.0769230769230769,0.230769230769231,0,0.769230769230769
raw,5,46,train,4,36,4291,12675,19831.5,1254,7959,1584,0.0833333333333333,0.916666666666667,0.222222222222222,0.166666666666667,0.611111111111111
raw,5,46,validation,0,14,18322.5,4256.5,2864,2775,639,881.5,0.642857142857143,0.357142857142857,0.0714285714285714,0.142857142857143,0.785714285714286
raw,5,46,validation,1,1,16117,46197,92780,1026,40827,2944,0,1,0,0,1
raw,5,46,validation,2,47,6884,2317,2543,1457,402,654,0.765957446808511,0.234042553191489,0.170212765957447,0.106382978723404,0.723404255319149
raw,5,46,validation,3,4,49673.5,3710,6996.5,8157,1529.5,2707,0.75,0.25,0,0,1
raw,5,46,validation,4,22,2834,11016.5,18225,1035.5,7621.5,895,0,1,0.272727272727273,0.0909090909090909,0.636363636363636
raw,5,47,train,0,145,5924,2380,3009,1286,477,697,0.841379310344828,0.158620689655172,0.206896551724138,0.0896551724137931,0.703448275862069
raw,5,47,train,1,36,4291,12675,19831.5,1254,7959,1584,0.0833333333333333,0.916666666666667,0.222222222222222,0.166666666666667,0.611111111111111
raw,5,47,train,2,13,45640,3944,3779,4510,751,1404,0.923076923076923,0.0769230769230769,0.230769230769231,0,0.769230769230769
raw,5,47,train,3,4,36394.5,49104.5,43842.5,5518,22120.5,4241,0.25,0.75,0,0,1
raw,5,47,train,4,66,21893,2958.5,3821.5,2536,420.5,1114,0.818181818181818,0.181818181818182,0.196969696969697,0.106060606060606,0.696969696969697
raw,5,47,validation,0,47,6884,2317,2543,1457,402,654,0.765957446808511,0.234042553191489,0.170212765957447,0.106382978723404,0.723404255319149
raw,5,47,validation,1,22,2834,11016.5,18225,1035.5,7621.5,895,0,1,0.272727272727273,0.0909090909090909,0.636363636363636
raw,5,47,validation,2,4,49673.5,3710,6996.5,8157,1529.5,2707,0.75,0.25,0,0,1
raw,5,47,validation,3,1,16117,46197,92780,1026,40827,2944,0,1,0,0,1
raw,5,47,validation,4,14,18322.5,4256.5,2864,2775,639,881.5,0.642857142857143,0.357142857142857,0.0714285714285714,0.142857142857143,0.785714285714286
raw,5,48,train,0,144,5882.5,2394,3027,1307.5,476.5,702,0.840277777777778,0.159722222222222,0.208333333333333,0.0902777777777778,0.701388888888889
raw,5,48,train,1,67,21465,2872,3810,2532,429,1092,0.82089552238806,0.17910447761194,0.194029850746269,0.104477611940299,0.701492537313433
raw,5,48,train,2,36,4291,12675,19831.5,1254,7959,1584,0.0833333333333333,0.916666666666667,0.222222222222222,0.166666666666667,0.611111111111111
raw,5,48,train,3,4,36394.5,49104.5,43842.5,5518,22120.5,4241,0.25,0.75,0,0,1
raw,5,48,train,4,13,45640,3944,3779,4510,751,1404,0.923076923076923,0.0769230769230769,0.230769230769231,0,0.769230769230769
raw,5,48,validation,0,47,6884,2317,2543,1457,402,654,0.765957446808511,0.234042553191489,0.170212765957447,0.106382978723404,0.723404255319149
raw,5,48,validation,1,14,18322.5,4256.5,2864,2775,639,881.5,0.642857142857143,0.357142857142857,0.0714285714285714,0.142857142857143,0.785714285714286
raw,5,48,validation,2,22,2834,11016.5,18225,1035.5,7621.5,895,0,1,0.272727272727273,0.0909090909090909,0.636363636363636
raw,5,48,validation,3,1,16117,46197,92780,1026,40827,2944,0,1,0,0,1
raw,5,48,validation,4,4,49673.5,3710,6996.5,8157,1529.5,2707,0.75,0.25,0,0,1
raw,5,49,train,0,145,5969,2256,3007,1336,476,686,0.841379310344828,0.158620689655172,0.213793103448276,0.0896551724137931,0.696551724137931
raw,5,49,train,1,7,53205,4563,6536,6422,967,2253,1,0,0.428571428571429,0,0.571428571428571
raw,5,49,train,2,70,22971.5,2958.5,3522,2426.5,432.5,1147,0.814285714285714,0.185714285714286,0.171428571428571,0.1,0.728571428571429
raw,5,49,train,3,4,36394.5,49104.5,43842.5,5518,22120.5,4241,0.25,0.75,0,0,1
raw,5,49,train,4,38,4277,11731.5,19494,1181,7720.5,1584,0.131578947368421,0.868421052631579,0.210526315789474,0.157894736842105,0.631578947368421
raw,5,49,validation,0,49,7149,2428,2543,1457,492,654,0.755102040816326,0.244897959183673,0.183673469387755,0.102040816326531,0.714285714285714
raw,5,49,validation,1,3,56082,3504,8117,10002,1480,2916,1,0,0,0,1
raw,5,49,validation,2,13,19046,3916,2886,2995,716,925,0.615384615384615,0.384615384615385,0,0.153846153846154,0.846153846153846
raw,5,49,validation,3,1,16117,46197,92780,1026,40827,2944,0,1,0,0,1
raw,5,49,validation,4,22,2834,11016.5,18225,1035.5,7621.5,895,0,1,0.272727272727273,0.0909090909090909,0.636363636363636
raw,5,50,train,0,67,21465,2872,3810,2532,429,1092,0.82089552238806,0.17910447761194,0.194029850746269,0.104477611940299,0.701492537313433
raw,5,50,train,1,144,5882.5,2394,3027,1307.5,476.5,702,0.840277777777778,0.159722222222222,0.208333333333333,0.0902777777777778,0.701388888888889
raw,5,50,train,2,36,4291,12675,19831.5,1254,7959,1584,0.0833333333333333,0.916666666666667,0.222222222222222,0.166666666666667,0.611111111111111
raw,5,50,train,3,13,45640,3944,3779,4510,751,1404,0.923076923076923,0.0769230769230769,0.230769230769231,0,0.769230769230769
raw,5,50,train,4,4,36394.5,49104.5,43842.5,5518,22120.5,4241,0.25,0.75,0,0,1
raw,5,50,validation,0,14,18322.5,4256.5,2864,2775,639,881.5,0.642857142857143,0.357142857142857,0.0714285714285714,0.142857142857143,0.785714285714286
raw,5,50,validation,1,47,6884,2317,2543,1457,402,654,0.765957446808511,0.234042553191489,0.170212765957447,0.106382978723404,0.723404255319149
raw,5,50,validation,2,22,2834,11016.5,18225,1035.5,7621.5,895,0,1,0.272727272727273,0.0909090909090909,0.636363636363636
raw,5,50,validation,3,4,49673.5,3710,6996.5,8157,1529.5,2707,0.75,0.25,0,0,1
raw,5,50,validation,4,1,16117,46197,92780,1026,40827,2944,0,1,0,0,1
raw,5,51,train,0,145,5924,2380,3009,1286,477,697,0.841379310344828,0.158620689655172,0.206896551724138,0.0896551724137931,0.703448275862069
raw,5,51,train,1,13,45640,3944,3779,4510,751,1404,0.923076923076923,0.0769230769230769,0.230769230769231,0,0.769230769230769
raw,5,51,train,2,4,36394.5,49104.5,43842.5,5518,22120.5,4241,0.25,0.75,0,0,1
raw,5,51,train,3,66,21893,2958.5,3821.5,2536,420.5,1114,0.818181818181818,0.181818181818182,0.196969696969697,0.106060606060606,0.696969696969697
raw,5,51,train,4,36,4291,12675,19831.5,1254,7959,1584,0.0833333333333333,0.916666666666667,0.222222222222222,0.166666666666667,0.611111111111111
raw,5,51,validation,0,47,6884,2317,2543,1457,402,654,0.765957446808511,0.234042553191489,0.170212765957447,0.106382978723404,0.723404255319149
raw,5,51,validation,1,4,49673.5,3710,6996.5,8157,1529.5,2707,0.75,0.25,0,0,1
raw,5,51,validation,2,1,16117,46197,92780,1026,40827,2944,0,1,0,0,1
raw,5,51,validation,3,14,18322.5,4256.5,2864,2775,639,881.5,0.642857142857143,0.357142857142857,0.0714285714285714,0.142857142857143,0.785714285714286
raw,5,51,validation,4,22,2834,11016.5,18225,1035.5,7621.5,895,0,1,0.272727272727273,0.0909090909090909,0.636363636363636
raw,6,42,train,0,65,19746,2132,3389,2320,412,961,0.830769230769231,0.169230769230769,0.169230769230769,0.123076923076923,0.707692307692308
raw,6,42,train,1,23,38793,3965,4252,4510,500,1440,0.91304347826087,0.0869565217391304,0.260869565217391,0,0.739130434782609
raw,6,42,train,2,4,36394.5,49104.5,43842.5,5518,22120.5,4241,0.25,0.75,0,0,1
raw,6,42,train,3,36,4291,12675,19831.5,1254,7959,1584,0.0833333333333333,0.916666666666667,0.222222222222222,0.166666666666667,0.611111111111111
raw,6,42,train,4,1,112151,29627,18148,16745,4948,8550,1,0,0,0,1
raw,6,42,train,5,135,5264,2495,3047,1329,514,707,0.82962962962963,0.17037037037037,0.214814814814815,0.0888888888888889,0.696296296296296
raw,6,42,validation,0,17,17327,2770,2842,2205,716,838,0.647058823529412,0.352941176470588,0.117647058823529,0.176470588235294,0.705882352941177
raw,6,42,validation,1,5,43265,3916,8117,6312,1480,2498,0.8,0.2,0,0,1
raw,6,42,validation,2,1,16117,46197,92780,1026,40827,2944,0,1,0,0,1
raw,6,42,validation,3,22,2834,11016.5,18225,1035.5,7621.5,895,0,1,0.272727272727273,0.0909090909090909,0.636363636363636
raw,6,42,validation,5,43,6373,2428,2368,1457,397,654,0.767441860465116,0.232558139534884,0.162790697674419,0.0930232558139535,0.744186046511628
raw,6,43,train,0,143,5924,2380,3009,1329,476,697,0.839160839160839,0.160839160839161,0.20979020979021,0.0909090909090909,0.699300699300699
raw,6,43,train,1,15,42786,3154,3600,4510,730,1621,0.933333333333333,0.0666666666666667,0.2,0,0.8
raw,6,43,train,2,64,21195,2836.5,3821.5,2476,420.5,1075,0.8125,0.1875,0.203125,0.109375,0.6875
raw,6,43,train,3,37,4456,12653,19816,1234,7883,1543,0.108108108108108,0.891891891891892,0.216216216216216,0.162162162162162,0.621621621621622
raw,6,43,train,4,1,112151,29627,18148,16745,4948,8550,1,0,0,0,1
raw,6,43,train,5,4,36394.5,49104.5,43842.5,5518,22120.5,4241,0.25,0.75,0,0,1
raw,6,43,validation,0,45,6758,2317,2543,1420,402,573,0.755555555555556,0.244444444444444,0.155555555555556,0.111111111111111,0.733333333333333
raw,6,43,validation,1,5,43265,3916,8117,6312,1480,2498,0.8,0.2,0,0,1
raw,6,43,validation,2,15,17770,3922,2743,2555,716,925,0.666666666666667,0.333333333333333,0.133333333333333,0.133333333333333,0.733333333333333
raw,6,43,validation,3,22,2834,11016.5,18225,1035.5,7621.5,895,0,1,0.272727272727273,0.0909090909090909,0.636363636363636
raw,6,43,validation,5,1,16117,46197,92780,1026,40827,2944,0,1,0,0,1
raw,6,44,train,0,65,19746,2132,3389,2320,412,961,0.830769230769231,0.169230769230769,0.169230769230769,0.123076923076923,0.707692307692308
raw,6,44,train,1,36,4291,12675,19831.5,1254,7959,1584,0.0833333333333333,0.916666666666667,0.222222222222222,0.166666666666667,0.611111111111111
raw,6,44,train,2,4,36394.5,49104.5,43842.5,5518,22120.5,4241,0.25,0.75,0,0,1
raw,6,44,train,3,135,5264,2495,3047,1329,514,707,0.82962962962963,0.17037037037037,0.214814814814815,0.0888888888888889,0.696296296296296
raw,6,44,train,4,23,38793,3965,4252,4510,500,1440,0.91304347826087,0.0869565217391304,0.260869565217391,0,0.739130434782609
raw,6,44,train,5,1,112151,29627,18148,16745,4948,8550,1,0,0,0,1
raw,6,44,validation,0,17,17327,2770,2842,2205,716,838,0.647058823529412,0.352941176470588,0.117647058823529,0.176470588235294,0.705882352941177
raw,6,44,validation,1,22,2834,11016.5,18225,1035.5,7621.5,895,0,1,0.272727272727273,0.0909090909090909,0.636363636363636
raw,6,44,validation,2,1,16117,46197,92780,1026,40827,2944,0,1,0,0,1
raw,6,44,validation,3,43,6373,2428,2368,1457,397,654,0.767441860465116,0.232558139534884,0.162790697674419,0.0930232558139535,0.744186046511628
raw,6,44,validation,4,5,43265,3916,8117,6312,1480,2498,0.8,0.2,0,0,1
raw,6,45,train,0,36,4291,12675,19831.5,1254,7959,1584,0.0833333333333333,0.916666666666667,0.222222222222222,0.166666666666667,0.611111111111111
raw,6,45,train,1,64,21195,2836.5,3821.5,2476,420.5,1075,0.8125,0.1875,0.203125,0.109375,0.6875
raw,6,45,train,2,144,5882.5,2394,3027,1307.5,476.5,702,0.840277777777778,0.159722222222222,0.208333333333333,0.0902777777777778,0.701388888888889
raw,6,45,train,3,15,42786,3154,3600,4510,730,1621,0.933333333333333,0.0666666666666667,0.2,0,0.8
raw,6,45,train,4,4,36394.5,49104.5,43842.5,5518,22120.5,4241,0.25,0.75,0,0,1
raw,6,45,train,5,1,112151,29627,18148,16745,4948,8550,1,0,0,0,1
raw,6,45,validation,0,22,2834,11016.5,18225,1035.5,7621.5,895,0,1,0.272727272727273,0.0909090909090909,0.636363636363636
raw,6,45,validation,1,15,17770,3922,2743,2555,716,925,0.666666666666667,0.333333333333333,0.133333333333333,0.133333333333333,0.733333333333333
raw,6,45,validation,2,45,6758,2317,2543,1420,402,573,0.755555555555556,0.244444444444444,0.155555555555556,0.111111111111111,0.733333333333333
raw,6,45,validation,3,5,43265,3916,8117,6312,1480,2498,0.8,0.2,0,0,1
raw,6,45,validation,4,1,16117,46197,92780,1026,40827,2944,0,1,0,0,1
raw,6,46,train,0,23,38793,3965,4252,4510,500,1440,0.91304347826087,0.0869565217391304,0.260869565217391,0,0.739130434782609
raw,6,46,train,1,135,5264,2495,3047,1329,514,707,0.82962962962963,0.17037037037037,0.214814814814815,0.0888888888888889,0.696296296296296
raw,6,46,train,2,36,4291,12675,19831.5,1254,7959,1584,0.0833333333333333,0.916666666666667,0.222222222222222,0.166666666666667,0.611111111111111
raw,6,46,train,3,4,36394.5,49104.5,43842.5,5518,22120.5,4241,0.25,0.75,0,0,1
raw,6,46,train,4,1,112151,29627,18148,16745,4948,8550,1,0,0,0,1
raw,6,46,train,5,65,19746,2132,3389,2320,412,961,0.830769230769231,0.169230769230769,0.169230769230769,0.123076923076923,0.707692307692308
raw,6,46,validation,0,5,43265,3916,8117,6312,1480,2498,0.8,0.2,0,0,1
raw,6,46,validation,1,43,6373,2428,2368,1457,397,654,0.767441860465116,0.232558139534884,0.162790697674419,0.0930232558139535,0.744186046511628
raw,6,46,validation,2,22,2834,11016.5,18225,1035.5,7621.5,895,0,1,0.272727272727273,0.0909090909090909,0.636363636363636
raw,6,46,validation,3,1,16117,46197,92780,1026,40827,2944,0,1,0,0,1
raw,6,46,validation,5,17,17327,2770,2842,2205,716,838,0.647058823529412,0.352941176470588,0.117647058823529,0.176470588235294,0.705882352941177
raw,6,47,train,0,36,4291,12675,19831.5,1254,7959,1584,0.0833333333333333,0.916666666666667,0.222222222222222,0.166666666666667,0.611111111111111
raw,6,47,train,1,65,19746,2132,3389,2320,412,961,0.830769230769231,0.169230769230769,0.169230769230769,0.123076923076923,0.707692307692308
raw,6,47,train,2,4,36394.5,49104.5,43842.5,5518,22120.5,4241,0.25,0.75,0,0,1
raw,6,47,train,3,135,5264,2495,3047,1329,514,707,0.82962962962963,0.17037037037037,0.214814814814815,0.0888888888888889,0.696296296296296
raw,6,47,train,4,23,38793,3965,4252,4510,500,1440,0.91304347826087,0.0869565217391304,0.260869565217391,0,0.739130434782609
raw,6,47,train,5,1,112151,29627,18148,16745,4948,8550,1,0,0,0,1
raw,6,47,validation,0,22,2834,11016.5,18225,1035.5,7621.5,895,0,1,0.272727272727273,0.0909090909090909,0.636363636363636
raw,6,47,validation,1,17,17327,2770,2842,2205,716,838,0.647058823529412,0.352941176470588,0.117647058823529,0.176470588235294,0.705882352941177
raw,6,47,validation,2,1,16117,46197,92780,1026,40827,2944,0,1,0,0,1
raw,6,47,validation,3,43,6373,2428,2368,1457,397,654,0.767441860465116,0.232558139534884,0.162790697674419,0.0930232558139535,0.744186046511628
raw,6,47,validation,4,5,43265,3916,8117,6312,1480,2498,0.8,0.2,0,0,1
raw,6,48,train,0,64,21195,2836.5,3821.5,2476,420.5,1075,0.8125,0.1875,0.203125,0.109375,0.6875
raw,6,48,train,1,144,5882.5,2394,3027,1307.5,476.5,702,0.840277777777778,0.159722222222222,0.208333333333333,0.0902777777777778,0.701388888888889
raw,6,48,train,2,36,4291,12675,19831.5,1254,7959,1584,0.0833333333333333,0.916666666666667,0.222222222222222,0.166666666666667,0.611111111111111
raw,6,48,train,3,1,112151,29627,18148,16745,4948,8550,1,0,0,0,1
raw,6,48,train,4,4,36394.5,49104.5,43842.5,5518,22120.5,4241,0.25,0.75,0,0,1
raw,6,48,train,5,15,42786,3154,3600,4510,730,1621,0.933333333333333,0.0666666666666667,0.2,0,0.8
raw,6,48,validation,0,15,17770,3922,2743,2555,716,925,0.666666666666667,0.333333333333333,0.133333333333333,0.133333333333333,0.733333333333333
raw,6,48,validation,1,45,6758,2317,2543,1420,402,573,0.755555555555556,0.244444444444444,0.155555555555556,0.111111111111111,0.733333333333333
raw,6,48,validation,2,22,2834,11016.5,18225,1035.5,7621.5,895,0,1,0.272727272727273,0.0909090909090909,0.636363636363636
raw,6,48,validation,4,1,16117,46197,92780,1026,40827,2944,0,1,0,0,1
raw,6,48,validation,5,5,43265,3916,8117,6312,1480,2498,0.8,0.2,0,0,1
raw,6,49,train,0,64,21195,2836.5,3821.5,2476,420.5,1075,0.8125,0.1875,0.203125,0.109375,0.6875
raw,6,49,train,1,144,5882.5,2394,3027,1307.5,476.5,702,0.840277777777778,0.159722222222222,0.208333333333333,0.0902777777777778,0.701388888888889
raw,6,49,train,2,36,4291,12675,19831.5,1254,7959,1584,0.0833333333333333,0.916666666666667,0.222222222222222,0.166666666666667,0.611111111111111
raw,6,49,train,3,1,112151,29627,18148,16745,4948,8550,1,0,0,0,1
raw,6,49,train,4,4,36394.5,49104.5,43842.5,5518,22120.5,4241,0.25,0.75,0,0,1
raw,6,49,train,5,15,42786,3154,3600,4510,730,1621,0.933333333333333,0.0666666666666667,0.2,0,0.8
raw,6,49,validation,0,15,17770,3922,2743,2555,716,925,0.666666666666667,0.333333333333333,0.133333333333333,0.133333333333333,0.733333333333333
raw,6,49,validation,1,45,6758,2317,2543,1420,402,573,0.755555555555556,0.244444444444444,0.155555555555556,0.111111111111111,0.733333333333333
raw,6,49,validation,2,22,2834,11016.5,18225,1035.5,7621.5,895,0,1,0.272727272727273,0.0909090909090909,0.636363636363636
raw,6,49,validation,4,1,16117,46197,92780,1026,40827,2944,0,1,0,0,1
raw,6,49,validation,5,5,43265,3916,8117,6312,1480,2498,0.8,0.2,0,0,1
raw,6,50,train,0,135,5264,2495,3047,1329,514,707,0.82962962962963,0.17037037037037,0.214814814814815,0.0888888888888889,0.696296296296296
raw,6,50,train,1,65,19746,2132,3389,2320,412,961,0.830769230769231,0.169230769230769,0.169230769230769,0.123076923076923,0.707692307692308
raw,6,50,train,2,23,38793,3965,4252,4510,500,1440,0.91304347826087,0.0869565217391304,0.260869565217391,0,0.739130434782609
raw,6,50,train,3,4,36394.5,49104.5,43842.5,5518,22120.5,4241,0.25,0.75,0,0,1
raw,6,50,train,4,1,112151,29627,18148,16745,4948,8550,1,0,0,0,1
raw,6,50,train,5,36,4291,12675,19831.5,1254,7959,1584,0.0833333333333333,0.916666666666667,0.222222222222222,0.166666666666667,0.611111111111111
raw,6,50,validation,0,43,6373,2428,2368,1457,397,654,0.767441860465116,0.232558139534884,0.162790697674419,0.0930232558139535,0.744186046511628
raw,6,50,validation,1,17,17327,2770,2842,2205,716,838,0.647058823529412,0.352941176470588,0.117647058823529,0.176470588235294,0.705882352941177
raw,6,50,validation,2,5,43265,3916,8117,6312,1480,2498,0.8,0.2,0,0,1
raw,6,50,validation,3,1,16117,46197,92780,1026,40827,2944,0,1,0,0,1
raw,6,50,validation,5,22,2834,11016.5,18225,1035.5,7621.5,895,0,1,0.272727272727273,0.0909090909090909,0.636363636363636
raw,6,51,train,0,64,21195,2836.5,3821.5,2476,420.5,1075,0.8125,0.1875,0.203125,0.109375,0.6875
raw,6,51,train,1,144,5882.5,2394,3027,1307.5,476.5,702,0.840277777777778,0.159722222222222,0.208333333333333,0.0902777777777778,0.701388888888889
raw,6,51,train,2,36,4291,12675,19831.5,1254,7959,1584,0.0833333333333333,0.916666666666667,0.222222222222222,0.166666666666667,0.611111111111111
raw,6,51,train,3,1,112151,29627,18148,16745,4948,8550,1,0,0,0,1
raw,6,51,train,4,4,36394.5,49104.5,43842.5,5518,22120.5,4241,0.25,0.75,0,0,1
raw,6,51,train,5,15,42786,3154,3600,4510,730,1621,0.933333333333333,0.0666666666666667,0.2,0,0.8
raw,6,51,validation,0,15,17770,3922,2743,2555,716,925,0.666666666666667,0.333333333333333,0.133333333333333,0.133333333333333,0.733333333333333
raw,6,51,validation,1,45,6758,2317,2543,1420,402,573,0.755555555555556,0.244444444444444,0.155555555555556,0.111111111111111,0.733333333333333
raw,6,51,validation,2,22,2834,11016.5,18225,1035.5,7621.5,895,0,1,0.272727272727273,0.0909090909090909,0.636363636363636
raw,6,51,validation,4,1,16117,46197,92780,1026,40827,2944,0,1,0,0,1
raw,6,51,validation,5,5,43265,3916,8117,6312,1480,2498,0.8,0.2,0,0,1
raw,7,42,train,0,65,19746,2132,3389,2320,412,961,0.830769230769231,0.169230769230769,0.169230769230769,0.123076923076923,0.707692307692308
raw,7,42,train,1,1,36847,43950,20170,36534,239,47943,1,0,0,0,1
raw,7,42,train,2,23,38793,3965,4252,4510,500,1440,0.91304347826087,0.0869565217391304,0.260869565217391,0,0.739130434782609
raw,7,42,train,3,36,4291,12675,19831.5,1254,7959,1584,0.0833333333333333,0.916666666666667,0.222222222222222,0.166666666666667,0.611111111111111
raw,7,42,train,4,1,112151,29627,18148,16745,4948,8550,1,0,0,0,1
raw,7,42,train,5,3,35942,54259,55571,3254,24171,2017,0,1,0,0,1
raw,7,42,train,6,135,5264,2495,3047,1329,514,707,0.82962962962963,0.17037037037037,0.214814814814815,0.0888888888888889,0.696296296296296
raw,7,42,validation,0,17,17327,2770,2842,2205,716,838,0.647058823529412,0.352941176470588,0.117647058823529,0.176470588235294,0.705882352941177
raw,7,42,validation,2,5,43265,3916,8117,6312,1480,2498,0.8,0.2,0,0,1
raw,7,42,validation,3,22,2834,11016.5,18225,1035.5,7621.5,895,0,1,0.272727272727273,0.0909090909090909,0.636363636363636
raw,7,42,validation,5,1,16117,46197,92780,1026,40827,2944,0,1,0,0,1
raw,7,42,validation,6,43,6373,2428,2368,1457,397,654,0.767441860465116,0.232558139534884,0.162790697674419,0.0930232558139535,0.744186046511628
raw,7,43,train,0,141,5963,2344,3007,1336,476,697,0.843971631205674,0.156028368794326,0.212765957446809,0.0851063829787234,0.702127659574468
raw,7,43,train,1,38,3964,11731.5,18927.5,1098.5,7455.5,1497.5,0.131578947368421,0.868421052631579,0.184210526315789,0.184210526315789,0.631578947368421
raw,7,43,train,2,15,42786,3154,3600,4510,730,1621,0.933333333333333,0.0666666666666667,0.2,0,0.8
raw,7,43,train,3,1,36847,43950,20170,36534,239,47943,1,0,0,0,1
raw,7,43,train,4,4,29433.5,46314,47632.5,3995,22120.5,2443.5,0,1,0.25,0,0.75
raw,7,43,train,5,64,21195,2836.5,3821.5,2476,420.5,1075,0.8125,0.1875,0.203125,0.109375,0.6875
raw,7,43,train,6,1,112151,29627,18148,16745,4948,8550,1,0,0,0,1
raw,7,43,validation,0,44,6565.5,2298.5,2455.5,1256,399.5,613.5,0.772727272727273,0.227272727272727,0.159090909090909,0.113636363636364,0.727272727272727
raw,7,43,validation,1,23,3136,10940,17569,1116,7425,797,0,1,0.260869565217391,0.0869565217391304,0.652173913043478
raw,7,43,validation,2,5,43265,3916,8117,6312,1480,2498,0.8,0.2,0,0,1
raw,7,43,validation,4,1,16117,46197,92780,1026,40827,2944,0,1,0,0,1
raw,7,43,validation,5,15,17770,3922,2743,2555,716,925,0.666666666666667,0.333333333333333,0.133333333333333,0.133333333333333,0.733333333333333
raw,7,44,train,0,64,21195,2836.5,3821.5,2476,420.5,1075,0.8125,0.1875,0.203125,0.109375,0.6875
raw,7,44,train,1,37,4456,12653,19816,1234,7883,1543,0.108108108108108,0.891891891891892,0.216216216216216,0.162162162162162,0.621621621621622
raw,7,44,train,2,143,5924,2380,3009,1329,476,697,0.839160839160839,0.160839160839161,0.20979020979021,0.0909090909090909,0.699300699300699
raw,7,44,train,3,1,112151,29627,18148,16745,4948,8550,1,0,0,0,1
raw,7,44,train,4,1,36847,43950,20170,36534,239,47943,1,0,0,0,1
raw,7,44,train,5,3,35942,54259,55571,3254,24171,2017,0,1,0,0,1
raw,7,44,train,6,15,42786,3154,3600,4510,730,1621,0.933333333333333,0.0666666666666667,0.2,0,0.8
raw,7,44,validation,0,15,17770,3922,2743,2555,716,925,0.666666666666667,0.333333333333333,0.133333333333333,0.133333333333333,0.733333333333333
raw,7,44,validation,1,22,2834,11016.5,18225,1035.5,7621.5,895,0,1,0.272727272727273,0.0909090909090909,0.636363636363636
raw,7,44,validation,2,45,6758,2317,2543,1420,402,573,0.755555555555556,0.244444444444444,0.155555555555556,0.111111111111111,0.733333333333333
raw,7,44,validation,5,1,16117,46197,92780,1026,40827,2944,0,1,0,0,1
raw,7,44,validation,6,5,43265,3916,8117,6312,1480,2498,0.8,0.2,0,0,1
raw,7,45,train,0,143,5924,2380,3009,1329,476,697,0.839160839160839,0.160839160839161,0.20979020979021,0.0909090909090909,0.699300699300699
raw,7,45,train,1,1,36847,43950,20170,36534,239,47943,1,0,0,0,1
raw,7,45,train,2,15,42786,3154,3600,4510,730,1621,0.933333333333333,0.0666666666666667,0.2,0,0.8
raw,7,45,train,3,37,4456,12653,19816,1234,7883,1543,0.108108108108108,0.891891891891892,0.216216216216216,0.162162162162162,0.621621621621622
raw,7,45,train,4,3,35942,54259,55571,3254,24171,2017,0,1,0,0,1
raw,7,45,train,5,64,21195,2836.5,3821.5,2476,420.5,1075,0.8125,0.1875,0.203125,0.109375,0.6875
raw,7,45,train,6,1,112151,29627,18148,16745,4948,8550,1,0,0,0,1
raw,7,45,validation,0,45,6758,2317,2543,1420,402,573,0.755555555555556,0.244444444444444,0.155555555555556,0.111111111111111,0.733333333333333
raw,7,45,validation,2,5,43265,3916,8117,6312,1480,2498,0.8,0.2,0,0,1
raw,7,45,validation,3,22,2834,11016.5,18225,1035.5,7621.5,895,0,1,0.272727272727273,0.0909090909090909,0.636363636363636
raw,7,45,validation,4,1,16117,46197,92780,1026,40827,2944,0,1,0,0,1
raw,7,45,validation,5,15,17770,3922,2743,2555,716,925,0.666666666666667,0.333333333333333,0.133333333333333,0.133333333333333,0.733333333333333
raw,7,46,train,0,65,19746,2132,3389,2320,412,961,0.830769230769231,0.169230769230769,0.169230769230769,0.123076923076923,0.707692307692308
raw,7,46,train,1,23,38793,3965,4252,4510,500,1440,0.91304347826087,0.0869565217391304,0.260869565217391,0,0.739130434782609
raw,7,46,train,2,135,5264,2495,3047,1329,514,707,0.82962962962963,0.17037037037037,0.214814814814815,0.0888888888888889,0.696296296296296
raw,7,46,train,3,36,4291,12675,19831.5,1254,7959,1584,0.0833333333333333,0.916666666666667,0.222222222222222,0.166666666666667,0.611111111111111
raw,7,46,train,4,1,112151,29627,18148,16745,4948,8550,1,0,0,0,1
raw,7,46,train,5,1,36847,43950,20170,36534,239,47943,1,0,0,0,1
raw,7,46,train,6,3,35942,54259,55571,3254,24171,2017,0,1,0,0,1
raw,7,46,validation,0,17,17327,2770,2842,2205,716,838,0.647058823529412,0.352941176470588,0.117647058823529,0.176470588235294,0.705882352941177
raw,7,46,validation,1,5,43265,3916,8117,6312,1480,2498,0.8,0.2,0,0,1
raw,7,46,validation,2,43,6373,2428,2368,1457,397,654,0.767441860465116,0.232558139534884,0.162790697674419,0.0930232558139535,0.744186046511628
raw,7,46,validation,3,22,2834,11016.5,18225,1035.5,7621.5,895,0,1,0.272727272727273,0.0909090909090909,0.636363636363636
raw,7,46,validation,6,1,16117,46197,92780,1026,40827,2944,0,1,0,0,1
raw,7,47,train,0,135,5264,2495,3047,1329,514,707,0.82962962962963,0.17037037037037,0.214814814814815,0.0888888888888889,0.696296296296296
raw,7,47,train,1,2,90551,17019,15378.5,12718.5,2849.5,5478,1,0,0,0,1
raw,7,47,train,2,23,36817,3944,4252,3242,439,1404,0.91304347826087,0.0869565217391304,0.260869565217391,0.0434782608695652,0.695652173913043
raw,7,47,train,3,36,4291,12675,19831.5,1254,7959,1584,0.0833333333333333,0.916666666666667,0.222222222222222,0.166666666666667,0.611111111111111
raw,7,47,train,4,3,35942,54259,55571,3254,24171,2017,0,1,0,0,1
raw,7,47,train,5,64,19482.5,2084.5,3352,2299.5,420.5,968,0.828125,0.171875,0.171875,0.109375,0.71875
raw,7,47,train,6,1,36847,43950,20170,36534,239,47943,1,0,0,0,1
raw,7,47,validation,0,42,6255,2372.5,2455.5,1274.5,399.5,611.5,0.761904761904762,0.238095238095238,0.166666666666667,0.0952380952380952,0.738095238095238
raw,7,47,validation,2,5,43265,3916,8117,6312,1480,2498,0.8,0.2,0,0,1
raw,7,47,validation,3,22,2834,11016.5,18225,1035.5,7621.5,895,0,1,0.272727272727273,0.0909090909090909,0.636363636363636
raw,7,47,validation,4,1,16117,46197,92780,1026,40827,2944,0,1,0,0,1
raw,7,47,validation,5,18,17075,2930,2792.5,2380,639,881.5,0.666666666666667,0.333333333333333,0.111111111111111,0.166666666666667,0.722222222222222
raw,7,48,train,0,64,21195,2836.5,3821.5,2476,420.5,1075,0.8125,0.1875,0.203125,0.109375,0.6875
raw,7,48,train,1,144,5882.5,2394,3027,1307.5,476.5,702,0.840277777777778,0.159722222222222,0.208333333333333,0.0902777777777778,0.701388888888889
raw,7,48,train,2,36,4291,12675,19831.5,1254,7959,1584,0.0833333333333333,0.916666666666667,0.222222222222222,0.166666666666667,0.611111111111111
raw,7,48,train,3,1,36847,43950,20170,36534,239,47943,1,0,0,0,1
raw,7,48,train,4,1,112151,29627,18148,16745,4948,8550,1,0,0,0,1
raw,7,48,train,5,3,35942,54259,55571,3254,24171,2017,0,1,0,0,1
raw,7,48,train,6,15,42786,3154,3600,4510,730,1621,0.933333333333333,0.0666666666666667,0.2,0,0.8
raw,7,48,validation,0,15,17770,3922,2743,2555,716,925,0.666666666666667,0.333333333333333,0.133333333333333,0.133333333333333,0.733333333333333
raw,7,48,validation,1,45,6758,2317,2543,1420,402,573,0.755555555555556,0.244444444444444,0.155555555555556,0.111111111111111,0.733333333333333
raw,7,48,validation,2,22,2834,11016.5,18225,1035.5,7621.5,895,0,1,0.272727272727273,0.0909090909090909,0.636363636363636
raw,7,48,validation,5,1,16117,46197,92780,1026,40827,2944,0,1,0,0,1
raw,7,48,validation,6,5,43265,3916,8117,6312,1480,2498,0.8,0.2,0,0,1
raw,7,49,train,0,64,21195,2836.5,3821.5,2476,420.5,1075,0.8125,0.1875,0.203125,0.109375,0.6875
raw,7,49,train,1,144,5882.5,2394,3027,1307.5,476.5,702,0.840277777777778,0.159722222222222,0.208333333333333,0.0902777777777778,0.701388888888889
raw,7,49,train,2,36,4291,12675,19831.5,1254,7959,1584,0.0833333333333333,0.916666666666667,0.222222222222222,0.166666666666667,0.611111111111111
raw,7,49,train,3,1,112151,29627,18148,16745,4948,8550,1,0,0,0,1
raw,7,49,train,4,15,42786,3154,3600,4510,730,1621,0.933333333333333,0.0666666666666667,0.2,0,0.8
raw,7,49,train,5,3,35942,54259,55571,3254,24171,2017,0,1,0,0,1
raw,7,49,train,6,1,36847,43950,20170,36534,239,47943,1,0,0,0,1
raw,7,49,validation,0,15,17770,3922,2743,2555,716,925,0.666666666666667,0.333333333333333,0.133333333333333,0.133333333333333,0.733333333333333
raw,7,49,validation,1,45,6758,2317,2543,1420,402,573,0.755555555555556,0.244444444444444,0.155555555555556,0.111111111111111,0.733333333333333
raw,7,49,validation,2,22,2834,11016.5,18225,1035.5,7621.5,895,0,1,0.272727272727273,0.0909090909090909,0.636363636363636
raw,7,49,validation,4,5,43265,3916,8117,6312,1480,2498,0.8,0.2,0,0,1
raw,7,49,validation,5,1,16117,46197,92780,1026,40827,2944,0,1,0,0,1
raw,7,50,train,0,37,4456,12653,19816,1234,7883,1543,0.108108108108108,0.891891891891892,0.216216216216216,0.162162162162162,0.621621621621622
raw,7,50,train,1,64,21195,2836.5,3821.5,2476,420.5,1075,0.8125,0.1875,0.203125,0.109375,0.6875
raw,7,50,train,2,143,5924,2380,3009,1329,476,697,0.839160839160839,0.160839160839161,0.20979020979021,0.0909090909090909,0.699300699300699
raw,7,50,train,3,3,35942,54259,55571,3254,24171,2017,0,1,0,0,1
raw,7,50,train,4,15,42786,3154,3600,4510,730,1621,0.933333333333333,0.0666666666666667,0.2,0,0.8
raw,7,50,train,5,1,36847,43950,20170,36534,239,47943,1,0,0,0,1
raw,7,50,train,6,1,112151,29627,18148,16745,4948,8550,1,0,0,0,1
raw,7,50,validation,0,22,2834,11016.5,18225,1035.5,7621.5,895,0,1,0.272727272727273,0.0909090909090909,0.636363636363636
raw,7,50,validation,1,15,17770,3922,2743,2555,716,925,0.666666666666667,0.333333333333333,0.133333333333333,0.133333333333333,0.733333333333333
raw,7,50,validation,2,45,6758,2317,2543,1420,402,573,0.755555555555556,0.244444444444444,0.155555555555556,0.111111111111111,0.733333333333333
raw,7,50,validation,3,1,16117,46197,92780,1026,40827,2944,0,1,0,0,1
raw,7,50,validation,4,5,43265,3916,8117,6312,1480,2498,0.8,0.2,0,0,1
raw,7,51,train,0,45,2886,6602,10391,744,4314,1371,0.288888888888889,0.711111111111111,0.177777777777778,0.0888888888888889,0.733333333333333
raw,7,51,train,1,64,21195,2836.5,3821.5,2476,420.5,1075,0.8125,0.1875,0.203125,0.109375,0.6875
raw,7,51,train,2,4,36394.5,49104.5,43842.5,5518,22120.5,4241,0.25,0.75,0,0,1
raw,7,51,train,3,15,42786,3154,3600,4510,730,1621,0.933333333333333,0.0666666666666667,0.2,0,0.8
raw,7,51,train,4,21,7362,14881,21955,1740,9606,1681,0.0952380952380952,0.904761904761905,0.238095238095238,0.19047619047619,0.571428571428571
raw,7,51,train,5,1,112151,29627,18148,16745,4948,8550,1,0,0,0,1
raw,7,51,train,6,114,6240,1768,2505.5,1445,305,622.5,0.956140350877193,0.043859649122807,0.219298245614035,0.0964912280701754,0.684210526315789
raw,7,51,validation,0,23,2541,7677,11323,902,5038,716,0.217391304347826,0.782608695652174,0.217391304347826,0.0869565217391304,0.695652173913043
raw,7,51,validation,1,14,17907,4256.5,2792.5,2825,817,1095.5,0.642857142857143,0.357142857142857,0.0714285714285714,0.142857142857143,0.785714285714286
raw,7,51,validation,2,1,16117,46197,92780,1026,40827,2944,0,1,0,0,1
raw,7,51,validation,3,5,43265,3916,8117,6312,1480,2498,0.8,0.2,0,0,1
raw,7,51,validation,4,11,4113,11711,22294,1158,11577,1519,0,1,0.363636363636364,0.0909090909090909,0.545454545454545
raw,7,51,validation,6,34,7726,1616.5,2036,1917,281,669,0.882352941176471,0.117647058823529,0.147058823529412,0.117647058823529,0.735294117647059
raw,8,42,train,0,19,7362,14881,23127,1840,9959,1867,0.105263157894737,0.894736842105263,0.210526315789474,0.210526315789474,0.578947368421053
raw,8,42,train,1,15,42786,3154,3600,4510,730,1621,0.933333333333333,0.0666666666666667,0.2,0,0.8
raw,8,42,train,2,117,6269,1860,2530,1398,334,610,0.957264957264957,0.0427350427350427,0.222222222222222,0.094017094017094,0.683760683760684
raw,8,42,train,3,3,35942,54259,55571,3254,24171,2017,0,1,0,0,1
raw,8,42,train,4,1,112151,29627,18148,16745,4948,8550,1,0,0,0,1
raw,8,42,train,5,64,21195,2836.5,3821.5,2476,420.5,1075,0.8125,0.1875,0.203125,0.109375,0.6875
raw,8,42,train,6,44,2974,6830,10913,755.5,4606.5,1354.5,0.227272727272727,0.772727272727273,0.181818181818182,0.0909090909090909,0.727272727272727
raw,8,42,train,7,1,36847,43950,20170,36534,239,47943,1,0,0,0,1
raw,8,42,validation,0,8,3322.5,13022.5,24776.5,1307,12529,753.5,0,1,0.5,0.125,0.375
raw,8,42,validation,1,5,43265,3916,8117,6312,1480,2498,0.8,0.2,0,0,1
raw,8,42,validation,2,36,7368.5,1618.5,2064.5,1705.5,294.5,613.5,0.888888888888889,0.111111111111111,0.138888888888889,0.111111111111111,0.75
raw,8,42,validation,3,1,16117,46197,92780,1026,40827,2944,0,1,0,0,1
raw,8,42,validation,5,14,17907,4256.5,2792.5,2825,817,1095.5,0.642857142857143,0.357142857142857,0.0714285714285714,0.142857142857143,0.785714285714286
raw,8,42,validation,6,24,3566,8652.5,11604.5,907.5,5634,892,0.125,0.875,0.208333333333333,0.0833333333333333,0.708333333333333
raw,8,43,train,0,115,6269,1786,2510,1398,311,610,0.956521739130435,0.0434782608695652,0.217391304347826,0.0956521739130435,0.68695652173913
raw,8,43,train,1,15,42786,3154,3600,4510,730,1621,0.933333333333333,0.0666666666666667,0.2,0,0.8
raw,8,43,train,2,16,7833,14640,24740.5,1704,11908.5,1774,0,1,0.1875,0.25,0.5625
raw,8,43,train,3,64,21195,2836.5,3821.5,2476,420.5,1075,0.8125,0.1875,0.203125,0.109375,0.6875
raw,8,43,train,4,49,3097,7027,11009,799,4515,1371,0.285714285714286,0.714285714285714,0.204081632653061,0.0816326530612245,0.714285714285714
raw,8,43,train,5,3,35942,54259,55571,3254,24171,2017,0,1,0,0,1
raw,8,43,train,6,1,36847,43950,20170,36534,239,47943,1,0,0,0,1
raw,8,43,train,7,1,112151,29627,18148,16745,4948,8550,1,0,0,0,1
raw,8,43,validation,0,37,7149,1703,2067,1765,301,573,0.864864864864865,0.135135135135135,0.162162162162162,0.108108108108108,0.72972972972973
raw,8,43,validation,1,5,43265,3916,8117,6312,1480,2498,0.8,0.2,0,0,1
raw,8,43,validation,2,7,2532,13316,25957,1456,12638,710,0,1,0.428571428571429,0.142857142857143,0.428571428571429
raw,8,43,validation,3,14,17907,4256.5,2792.5,2825,817,1095.5,0.642857142857143,0.357142857142857,0.0714285714285714,0.142857142857143,0.785714285714286
raw,8,43,validation,4,24,4192.5,9107.5,12078,883,5954.5,895,0.125,0.875,0.208333333333333,0.0833333333333333,0.708333333333333
raw,8,43,validation,5,1,16117,46197,92780,1026,40827,2944,0,1,0,0,1
raw,8,44,train,0,126,6284.5,1953,2602,1391,389.5,645.5,0.928571428571429,0.0714285714285714,0.222222222222222,0.0873015873015873,0.69047619047619
raw,8,44,train,1,11,9759,22044,26866,1234,12591,1867,0,1,0.181818181818182,0.181818181818182,0.636363636363636
raw,8,44,train,2,63,21465,3216,3838,2532,429,1092,0.80952380952381,0.19047619047619,0.19047619047619,0.111111111111111,0.698412698412698
raw,8,44,train,3,45,3097,7775,13699,959,5828,1452,0.2,0.8,0.2,0.133333333333333,0.666666666666667
raw,8,44,train,4,1,36847,43950,20170,36534,239,47943,1,0,0,0,1
raw,8,44,train,5,14,42937,3099.5,3280.5,4648.5,626.5,1512.5,0.928571428571429,0.0714285714285714,0.214285714285714,0,0.785714285714286
raw,8,44,train,6,3,35942,54259,55571,3254,24171,2017,0,1,0,0,1
raw,8,44,train,7,1,112151,29627,18148,16745,4948,8550,1,0,0,0,1
raw,8,44,validation,0,40,7016.5,1897,2110.5,1705.5,338.5,613.5,0.875,0.125,0.15,0.1,0.75
raw,8,44,validation,1,4,3322.5,18541.5,29951,1307,14388.5,2897.5,0,1,0.5,0,0.5
raw,8,44,validation,2,13,18044,3922,2842,2555,716,925,0.615384615384615,0.384615384615385,0.0769230769230769,0.153846153846154,0.769230769230769
raw,8,44,validation,3,25,3996,10044,13430,934,6506,797,0.04,0.96,0.24,0.12,0.64
raw,8,44,validation,5,5,43265,3916,8117,6312,1480,2498,0.8,0.2,0,0,1
raw,8,44,validation,6,1,16117,46197,92780,1026,40827,2944,0,1,0,0,1
raw,8,45,train,0,64,21195,2836.5,3821.5,2476,420.5,1075,0.8125,0.1875,0.203125,0.109375,0.6875
raw,8,45,train,1,20,6915,15184.5,22541,1790,9782.5,1774,0.1,0.9,0.2,0.2,0.6
raw,8,45,train,2,15,42786,3154,3600,4510,730,1621,0.933333333333333,0.0666666666666667,0.2,0,0.8
raw,8,45,train,3,114,6240,1768,2505.5,1445,305,622.5,0.956140350877193,0.043859649122807,0.219298245614035,0.0964912280701754,0.684210526315789
raw,8,45,train,4,1,112151,29627,18148,16745,4948,8550,1,0,0,0,1
raw,8,45,train,5,3,35942,54259,55571,3254,24171,2017,0,1,0,0,1
raw,8,45,train,6,1,36847,43950,20170,36534,239,47943,1,0,0,0,1
raw,8,45,train,7,46,2974,6661.5,10431,755.5,4414.5,1354.5,0.282608695652174,0.717391304347826,0.195652173913043,0.0869565217391304,0.717391304347826
raw,8,45,validation,0,14,17907,4256.5,2792.5,2825,817,1095.5,0.642857142857143,0.357142857142857,0.0714285714285714,0.142857142857143,0.785714285714286
raw,8,45,validation,1,9,2532,12729,23596,1158,12420,797,0,1,0.444444444444444,0.111111111111111,0.444444444444444
raw,8,45,validation,2,5,43265,3916,8117,6312,1480,2498,0.8,0.2,0,0,1
raw,8,45,validation,3,35,7588,1703,2062,1765,288,654,0.885714285714286,0.114285714285714,0.142857142857143,0.114285714285714,0.742857142857143
raw,8,45,validation,5,1,16117,46197,92780,1026,40827,2944,0,1,0,0,1
raw,8,45,validation,7,24,3566,8153.5,11443,907.5,5218.5,766,0.166666666666667,0.833333333333333,0.208333333333333,0.0833333333333333,0.708333333333333
raw,8,46,train,0,118,6319,1823,2505.5,1395.5,333.5,610,0.957627118644068,0.0423728813559322,0.220338983050847,0.0932203389830508,0.686440677966102
raw,8,46,train,1,14,42937,3099.5,3280.5,4648.5,626.5,1512.5,0.928571428571429,0.0714285714285714,0.214285714285714,0,0.785714285714286
raw,8,46,train,2,21,7362,14881,21955,1740,9606,1681,0.0952380952380952,0.904761904761905,0.238095238095238,0.19047619047619,0.571428571428571
raw,8,46,train,3,3,35942,54259,55571,3254,24171,2017,0,1,0,0,1
raw,8,46,train,4,63,21465,3216,3838,2532,429,1092,0.80952380952381,0.19047619047619,0.19047619047619,0.111111111111111,0.698412698412698
raw,8,46,train,5,43,2861,6721,10471,767,4515,1371,0.255813953488372,0.744186046511628,0.186046511627907,0.0930232558139535,0.720930232558139
raw,8,46,train,6,1,36847,43950,20170,36534,239,47943,1,0,0,0,1
raw,8,46,train,7,1,112151,29627,18148,16745,4948,8550,1,0,0,0,1
raw,8,46,validation,0,35,7864,1703,2062,2069,288,684,0.885714285714286,0.114285714285714,0.142857142857143,0.114285714285714,0.742857142857143
raw,8,46,validation,1,5,43265,3916,8117,6312,1480,2498,0.8,0.2,0,0,1
raw,8,46,validation,2,11,4113,11711,22294,1158,11577,1519,0,1,0.363636363636364,0.0909090909090909,0.545454545454545
raw,8,46,validation,3,1,16117,46197,92780,1026,40827,2944,0,1,0,0,1
raw,8,46,validation,4,13,18044,3922,2842,2555,716,925,0.615384615384615,0.384615384615385,0.0769230769230769,0.153846153846154,0.769230769230769
raw,8,46,validation,5,23,2541,7677,11323,902,5038,716,0.217391304347826,0.782608695652174,0.217391304347826,0.0869565217391304,0.695652173913043
raw,8,47,train,0,118,6319,1823,2505.5,1395.5,333.5,610,0.957627118644068,0.0423728813559322,0.220338983050847,0.0932203389830508,0.686440677966102
raw,8,47,train,1,15,42786,3154,3600,4510,730,1621,0.933333333333333,0.0666666666666667,0.2,0,0.8
raw,8,47,train,2,3,35942,54259,55571,3254,24171,2017,0,1,0,0,1
raw,8,47,train,3,20,6915,15184.5,22541,1790,9782.5,1774,0.1,0.9,0.2,0.2,0.6
raw,8,47,train,4,44,2873.5,6830,10644,783,4555,1354.5,0.25,0.75,0.204545454545455,0.0909090909090909,0.704545454545455
raw,8,47,train,5,62,21369,3044,3835.5,2484,420.5,1087.5,0.806451612903226,0.193548387096774,0.193548387096774,0.112903225806452,0.693548387096774
raw,8,47,train,6,1,112151,29627,18148,16745,4948,8550,1,0,0,0,1
raw,8,47,train,7,1,36847,43950,20170,36534,239,47943,1,0,0,0,1
raw,8,47,validation,0,36,7726,1800,2064.5,1917,294.5,669,0.888888888888889,0.111111111111111,0.138888888888889,0.111111111111111,0.75
raw,8,47,validation,1,5,43265,3916,8117,6312,1480,2498,0.8,0.2,0,0,1
raw,8,47,validation,2,1,16117,46197,92780,1026,40827,2944,0,1,0,0,1
raw,8,47,validation,3,9,2532,12729,23596,1158,12420,797,0,1,0.444444444444444,0.111111111111111,0.444444444444444
raw,8,47,validation,4,24,3566,8153.5,11443,907.5,5218.5,766,0.166666666666667,0.833333333333333,0.208333333333333,0.0833333333333333,0.708333333333333
raw,8,47,validation,5,13,18044,3922,2842,2555,716,925,0.615384615384615,0.384615384615385,0.0769230769230769,0.153846153846154,0.769230769230769
raw,8,48,train,0,118,6319,1823,2505.5,1395.5,333.5,610,0.957627118644068,0.0423728813559322,0.220338983050847,0.0932203389830508,0.686440677966102
raw,8,48,train,1,63,21465,3216,3838,2532,429,1092,0.80952380952381,0.19047619047619,0.19047619047619,0.111111111111111,0.698412698412698
raw,8,48,train,2,16,7833,14640,24740.5,1704,11908.5,1774,0,1,0.1875,0.25,0.5625
raw,8,48,train,3,3,35942,54259,55571,3254,24171,2017,0,1,0,0,1
raw,8,48,train,4,1,112151,29627,18148,16745,4948,8550,1,0,0,0,1
raw,8,48,train,5,14,42937,3099.5,3280.5,4648.5,626.5,1512.5,0.928571428571429,0.0714285714285714,0.214285714285714,0,0.785714285714286
raw,8,48,train,6,1,36847,43950,20170,36534,239,47943,1,0,0,0,1
raw,8,48,train,7,48,3079.5,7062,11032,864.5,4555,1354.5,0.270833333333333,0.729166666666667,0.208333333333333,0.0833333333333333,0.708333333333333
raw,8,48,validation,0,38,7368.5,1800,2088,1917,301.5,613.5,0.868421052631579,0.131578947368421,0.157894736842105,0.105263157894737,0.736842105263158
raw,8,48,validation,1,13,18044,3922,2842,2555,716,925,0.615384615384615,0.384615384615385,0.0769230769230769,0.153846153846154,0.769230769230769
raw,8,48,validation,2,7,2532,13316,25957,1456,12638,710,0,1,0.428571428571429,0.142857142857143,0.428571428571429
raw,8,48,validation,3,1,16117,46197,92780,1026,40827,2944,0,1,0,0,1
raw,8,48,validation,5,5,43265,3916,8117,6312,1480,2498,0.8,0.2,0,0,1
raw,8,48,validation,7,24,4192.5,9107.5,12078,883,5954.5,895,0.125,0.875,0.208333333333333,0.0833333333333333,0.708333333333333
raw,8,49,train,0,64,21195,2836.5,3821.5,2476,420.5,1075,0.8125,0.1875,0.203125,0.109375,0.6875
raw,8,49,train,1,45,2886,6602,10391,744,4314,1371,0.288888888888889,0.711111111111111,0.177777777777778,0.0888888888888889,0.733333333333333
raw,8,49,train,2,114,6240,1768,2505.5,1445,305,622.5,0.956140350877193,0.043859649122807,0.219298245614035,0.0964912280701754,0.684210526315789
raw,8,49,train,3,3,35942,54259,55571,3254,24171,2017,0,1,0,0,1
raw,8,49,train,4,21,7362,14881,21955,1740,9606,1681,0.0952380952380952,0.904761904761905,0.238095238095238,0.19047619047619,0.571428571428571
raw,8,49,train,5,1,112151,29627,18148,16745,4948,8550,1,0,0,0,1
raw,8,49,train,6,15,42786,3154,3600,4510,730,1621,0.933333333333333,0.0666666666666667,0.2,0,0.8
raw,8,49,train,7,1,36847,43950,20170,36534,239,47943,1,0,0,0,1
raw,8,49,validation,0,14,17907,4256.5,2792.5,2825,817,1095.5,0.642857142857143,0.357142857142857,0.0714285714285714,0.142857142857143,0.785714285714286
raw,8,49,validation,1,23,2541,7677,11323,902,5038,716,0.217391304347826,0.782608695652174,0.217391304347826,0.0869565217391304,0.695652173913043
raw,8,49,validation,2,34,7726,1616.5,2036,1917,281,669,0.882352941176471,0.117647058823529,0.147058823529412,0.117647058823529,0.735294117647059
raw,8,49,validation,3,1,16117,46197,92780,1026,40827,2944,0,1,0,0,1
raw,8,49,validation,4,11,4113,11711,22294,1158,11577,1519,0,1,0.363636363636364,0.0909090909090909,0.545454545454545
raw,8,49,validation,6,5,43265,3916,8117,6312,1480,2498,0.8,0.2,0,0,1
raw,8,50,train,0,118,6319,1823,2505.5,1395.5,333.5,610,0.957627118644068,0.0423728813559322,0.220338983050847,0.0932203389830508,0.686440677966102
raw,8,50,train,1,63,21465,3216,3838,2532,429,1092,0.80952380952381,0.19047619047619,0.19047619047619,0.111111111111111,0.698412698412698
raw,8,50,train,2,16,7833,14640,24740.5,1704,11908.5,1774,0,1,0.1875,0.25,0.5625
raw,8,50,train,3,48,3079.5,7062,11032,864.5,4555,1354.5,0.270833333333333,0.729166666666667,0.208333333333333,0.0833333333333333,0.708333333333333
raw,8,50,train,4,14,42937,3099.5,3280.5,4648.5,626.5,1512.5,0.928571428571429,0.0714285714285714,0.214285714285714,0,0.785714285714286
raw,8,50,train,5,1,112151,29627,18148,16745,4948,8550,1,0,0,0,1
raw,8,50,train,6,3,35942,54259,55571,3254,24171,2017,0,1,0,0,1
raw,8,50,train,7,1,36847,43950,20170,36534,239,47943,1,0,0,0,1
raw,8,50,validation,0,38,7368.5,1800,2088,1917,301.5,613.5,0.868421052631579,0.131578947368421,0.157894736842105,0.105263157894737,0.736842105263158
raw,8,50,validation,1,13,18044,3922,2842,2555,716,925,0.615384615384615,0.384615384615385,0.0769230769230769,0.153846153846154,0.769230769230769
raw,8,50,validation,2,7,2532,13316,25957,1456,12638,710,0,1,0.428571428571429,0.142857142857143,0.428571428571429
raw,8,50,validation,3,24,4192.5,9107.5,12078,883,5954.5,895,0.125,0.875,0.208333333333333,0.0833333333333333,0.708333333333333
raw,8,50,validation,4,5,43265,3916,8117,6312,1480,2498,0.8,0.2,0,0,1
raw,8,50,validation,6,1,16117,46197,92780,1026,40827,2944,0,1,0,0,1
raw,8,51,train,0,114,5966,1871,2520,1513.5,371.5,645.5,0.956140350877193,0.043859649122807,0.228070175438596,0.087719298245614,0.684210526315789
raw,8,51,train,1,63,20049,2335,3444,2320,411,975,0.825396825396825,0.174603174603175,0.174603174603175,0.126984126984127,0.698412698412698
raw,8,51,train,2,3,35942,54259,55571,3254,24171,2017,0,1,0,0,1
raw,8,51,train,3,17,9198,15488,23127,1840,9959,1867,0.117647058823529,0.882352941176471,0.235294117647059,0.176470588235294,0.588235294117647
raw,8,51,train,4,21,39228,3944,3779,4510,523,1621,0.904761904761905,0.0952380952380952,0.238095238095238,0,0.761904761904762
raw,8,51,train,5,1,112151,29627,18148,16745,4948,8550,1,0,0,0,1
raw,8,51,train,6,1,36847,43950,20170,36534,239,47943,1,0,0,0,1
raw,8,51,train,7,44,3079.5,6983,11146.5,755.5,5067.5,1354.5,0.181818181818182,0.818181818181818,0.181818181818182,0.113636363636364,0.704545454545455
raw,8,51,validation,0,35,6884,1897,2067,2069,301,569,0.857142857142857,0.142857142857143,0.142857142857143,0.0857142857142857,0.771428571428571
raw,8,51,validation,1,16,17548.5,3346,2792.5,2380,817,881.5,0.6875,0.3125,0.125,0.1875,0.6875
raw,8,51,validation,2,1,16117,46197,92780,1026,40827,2944,0,1,0,0,1
raw,8,51,validation,3,7,2532,13316,25957,1456,12638,710,0,1,0.428571428571429,0.142857142857143,0.428571428571429
raw,8,51,validation,4,5,43265,3916,8117,6312,1480,2498,0.8,0.2,0,0,1
raw,8,51,validation,7,24,4192.5,9107.5,12078,883,5954.5,895,0.125,0.875,0.208333333333333,0.0833333333333333,0.708333333333333
log1p_standardscaler,2,42,train,0,118,8561.5,6948.5,10391,1265,3774,1667,0.398305084745763,0.601694915254237,0.169491525423729,0.0847457627118644,0.745762711864407
log1p_standardscaler,2,42,train,1,146,9518,1605.5,2241.5,2061.5,269.5,645,0.993150684931507,0.00684931506849315,0.232876712328767,0.10958904109589,0.657534246575342
log1p_standardscaler,2,42,validation,0,46,5588,7968,11443,1071,5218.5,1352,0.195652173913043,0.804347826086957,0.195652173913043,0.0652173913043478,0.739130434782609
log1p_standardscaler,2,42,validation,1,42,9270,1532,2036,2191,281,613.5,0.928571428571429,0.0714285714285714,0.142857142857143,0.142857142857143,0.714285714285714
log1p_standardscaler,2,43,train,0,146,9518,1605.5,2241.5,2061.5,269.5,645,0.993150684931507,0.00684931506849315,0.232876712328767,0.10958904109589,0.657534246575342
log1p_standardscaler,2,43,train,1,118,8561.5,6948.5,10391,1265,3774,1667,0.398305084745763,0.601694915254237,0.169491525423729,0.0847457627118644,0.745762711864407
log1p_standardscaler,2,43,validation,0,42,9270,1532,2036,2191,281,613.5,0.928571428571429,0.0714285714285714,0.142857142857143,0.142857142857143,0.714285714285714
log1p_standardscaler,2,43,validation,1,46,5588,7968,11443,1071,5218.5,1352,0.195652173913043,0.804347826086957,0.195652173913043,0.0652173913043478,0.739130434782609
log1p_standardscaler,2,44,train,0,146,9518,1605.5,2241.5,2061.5,269.5,645,0.993150684931507,0.00684931506849315,0.232876712328767,0.10958904109589,0.657534246575342
log1p_standardscaler,2,44,train,1,118,8561.5,6948.5,10391,1265,3774,1667,0.398305084745763,0.601694915254237,0.169491525423729,0.0847457627118644,0.745762711864407
log1p_standardscaler,2,44,validation,0,42,9270,1532,2036,2191,281,613.5,0.928571428571429,0.0714285714285714,0.142857142857143,0.142857142857143,0.714285714285714
log1p_standardscaler,2,44,validation,1,46,5588,7968,11443,1071,5218.5,1352,0.195652173913043,0.804347826086957,0.195652173913043,0.0652173913043478,0.739130434782609
log1p_standardscaler,2,45,train,0,119,8590,6939,10391,1256,3837,1653,0.394957983193277,0.605042016806723,0.168067226890756,0.0840336134453782,0.747899159663866
log1p_standardscaler,2,45,train,1,145,9434,1601,2232,2077,266,655,1,0,0.23448275862069,0.110344827586207,0.655172413793103
log1p_standardscaler,2,45,validation,0,46,5588,7968,11443,1071,5218.5,1352,0.195652173913043,0.804347826086957,0.195652173913043,0.0652173913043478,0.739130434782609
log1p_standardscaler,2,45,validation,1,42,9270,1532,2036,2191,281,613.5,0.928571428571429,0.0714285714285714,0.142857142857143,0.142857142857143,0.714285714285714
log1p_standardscaler,2,46,train,0,118,8561.5,6948.5,10391,1265,3774,1667,0.398305084745763,0.601694915254237,0.169491525423729,0.0847457627118644,0.745762711864407
log1p_standardscaler,2,46,train,1,146,9518,1605.5,2241.5,2061.5,269.5,645,0.993150684931507,0.00684931506849315,0.232876712328767,0.10958904109589,0.657534246575342
log1p_standardscaler,2,46,validation,0,46,5588,7968,11443,1071,5218.5,1352,0.195652173913043,0.804347826086957,0.195652173913043,0.0652173913043478,0.739130434782609
log1p_standardscaler,2,46,validation,1,42,9270,1532,2036,2191,281,613.5,0.928571428571429,0.0714285714285714,0.142857142857143,0.142857142857143,0.714285714285714
log1p_standardscaler,2,47,train,0,146,9518,1605.5,2241.5,2061.5,269.5,645,0.993150684931507,0.00684931506849315,0.232876712328767,0.10958904109589,0.657534246575342
log1p_standardscaler,2,47,train,1,118,8561.5,6948.5,10391,1265,3774,1667,0.398305084745763,0.601694915254237,0.169491525423729,0.0847457627118644,0.745762711864407
log1p_standardscaler,2,47,validation,0,42,9270,1532,2036,2191,281,613.5,0.928571428571429,0.0714285714285714,0.142857142857143,0.142857142857143,0.714285714285714
log1p_standardscaler,2,47,validation,1,46,5588,7968,11443,1071,5218.5,1352,0.195652173913043,0.804347826086957,0.195652173913043,0.0652173913043478,0.739130434782609
log1p_standardscaler,2,48,train,0,118,8561.5,6948.5,10391,1265,3774,1667,0.398305084745763,0.601694915254237,0.169491525423729,0.0847457627118644,0.745762711864407
log1p_standardscaler,2,48,train,1,146,9518,1605.5,2241.5,2061.5,269.5,645,0.993150684931507,0.00684931506849315,0.232876712328767,0.10958904109589,0.657534246575342
log1p_standardscaler,2,48,validation,0,46,5588,7968,11443,1071,5218.5,1352,0.195652173913043,0.804347826086957,0.195652173913043,0.0652173913043478,0.739130434782609
log1p_standardscaler,2,48,validation,1,42,9270,1532,2036,2191,281,613.5,0.928571428571429,0.0714285714285714,0.142857142857143,0.142857142857143,0.714285714285714
log1p_standardscaler,2,49,train,0,146,9518,1605.5,2241.5,2061.5,269.5,645,0.993150684931507,0.00684931506849315,0.232876712328767,0.10958904109589,0.657534246575342
log1p_standardscaler,2,49,train,1,118,8561.5,6948.5,10391,1265,3774,1667,0.398305084745763,0.601694915254237,0.169491525423729,0.0847457627118644,0.745762711864407
log1p_standardscaler,2,49,validation,0,42,9270,1532,2036,2191,281,613.5,0.928571428571429,0.0714285714285714,0.142857142857143,0.142857142857143,0.714285714285714
log1p_standardscaler,2,49,validation,1,46,5588,7968,11443,1071,5218.5,1352,0.195652173913043,0.804347826086957,0.195652173913043,0.0652173913043478,0.739130434782609
log1p_standardscaler,2,50,train,0,146,9518,1605.5,2241.5,2061.5,269.5,645,0.993150684931507,0.00684931506849315,0.232876712328767,0.10958904109589,0.657534246575342
log1p_standardscaler,2,50,train,1,118,8561.5,6948.5,10391,1265,3774,1667,0.398305084745763,0.601694915254237,0.169491525423729,0.0847457627118644,0.745762711864407
log1p_standardscaler,2,50,validation,0,42,9270,1532,2036,2191,281,613.5,0.928571428571429,0.0714285714285714,0.142857142857143,0.142857142857143,0.714285714285714
log1p_standardscaler,2,50,validation,1,46,5588,7968,11443,1071,5218.5,1352,0.195652173913043,0.804347826086957,0.195652173913043,0.0652173913043478,0.739130434782609
log1p_standardscaler,2,51,train,0,146,9518,1605.5,2241.5,2061.5,269.5,645,0.993150684931507,0.00684931506849315,0.232876712328767,0.10958904109589,0.657534246575342
log1p_standardscaler,2,51,train,1,118,8561.5,6948.5,10391,1265,3774,1667,0.398305084745763,0.601694915254237,0.169491525423729,0.0847457627118644,0.745762711864407
log1p_standardscaler,2,51,validation,0,42,9270,1532,2036,2191,281,613.5,0.928571428571429,0.0714285714285714,0.142857142857143,0.142857142857143,0.714285714285714
log1p_standardscaler,2,51,validation,1,46,5588,7968,11443,1071,5218.5,1352,0.195652173913043,0.804347826086957,0.195652173913043,0.0652173913043478,0.739130434782609
log1p_standardscaler,3,42,train,0,91,5963,7184,11757,1031,4595,1468,0.252747252747253,0.747252747252747,0.175824175824176,0.0989010989010989,0.725274725274725
log1p_standardscaler,3,42,train,1,73,6987,1042,1902,982,187,406,1,0,0.205479452054795,0.0821917808219178,0.712328767123288
log1p_standardscaler,3,42,train,2,100,16293,2754,3271,4078,461,1140.5,0.96,0.04,0.23,0.11,0.66
log1p_standardscaler,3,42,validation,0,40,5339.5,8652.5,12473,946,6207,915.5,0.1,0.9,0.225,0.075,0.7
log1p_standardscaler,3,42,validation,1,24,5970,1246.5,1925.5,1274.5,263.5,344.5,0.958333333333333,0.0416666666666667,0.208333333333333,0.0416666666666667,0.75
log1p_standardscaler,3,42,validation,2,24,13699.5,2401,2506,4521,396,1337.5,0.875,0.125,0.0416666666666667,0.208333333333333,0.75
log1p_standardscaler,3,43,train,0,75,7005,1020,1902,1042,187,409,1,0,0.186666666666667,0.0933333333333333,0.72
log1p_standardscaler,3,43,train,1,87,5264,7108,11532,987,4618,1438,0.229885057471264,0.770114942528736,0.172413793103448,0.103448275862069,0.724137931034483
log1p_standardscaler,3,43,train,2,102,16154,3065.5,3414.5,4292,484,1160.5,0.950980392156863,0.0490196078431373,0.245098039215686,0.0980392156862745,0.656862745098039
log1p_standardscaler,3,43,validation,0,27,6884,1175,1841,1457,263,360,0.925925925925926,0.0740740740740741,0.185185185185185,0.037037037037037,0.777777777777778
log1p_standardscaler,3,43,validation,1,40,5339.5,8652.5,12473,946,6207,915.5,0.1,0.9,0.225,0.075,0.7
log1p_standardscaler,3,43,validation,2,21,15671,2770,2543,5845,397,1627,0.904761904761905,0.0952380952380952,0.0476190476190476,0.238095238095238,0.714285714285714
log1p_standardscaler,3,44,train,0,96,17353,3065.5,3444.5,4400.5,515,1190.5,0.947916666666667,0.0520833333333333,0.229166666666667,0.09375,0.677083333333333
log1p_standardscaler,3,44,train,1,87,5264,7108,11532,987,4618,1438,0.229885057471264,0.770114942528736,0.172413793103448,0.103448275862069,0.724137931034483
log1p_standardscaler,3,44,train,2,81,6338,1110,1902,1103,200,429,1,0,0.209876543209877,0.0987654320987654,0.691358024691358
log1p_standardscaler,3,44,validation,0,21,15671,2770,2543,5845,397,1627,0.904761904761905,0.0952380952380952,0.0476190476190476,0.238095238095238,0.714285714285714
log1p_standardscaler,3,44,validation,1,40,5339.5,8652.5,12473,946,6207,915.5,0.1,0.9,0.225,0.075,0.7
log1p_standardscaler,3,44,validation,2,27,6884,1175,1841,1457,263,360,0.925925925925926,0.0740740740740741,0.185185185185185,0.037037037037037,0.777777777777778
log1p_standardscaler,3,45,train,0,92,17353,3229.5,3794.5,4478,543,1287.5,0.934782608695652,0.0652173913043478,0.206521739130435,0.0978260869565217,0.695652173913043
log1p_standardscaler,3,45,train,1,85,7363,1110,1902,1120,227,434,1,0,0.235294117647059,0.0941176470588235,0.670588235294118
log1p_standardscaler,3,45,train,2,87,5224,7108,11532,959,4618,1438,0.241379310344828,0.758620689655172,0.172413793103448,0.103448275862069,0.724137931034483
log1p_standardscaler,3,45,validation,0,21,15671,2770,2543,5845,397,1627,0.904761904761905,0.0952380952380952,0.0476190476190476,0.238095238095238,0.714285714285714
log1p_standardscaler,3,45,validation,1,27,6884,1175,1841,1457,263,360,0.925925925925926,0.0740740740740741,0.185185185185185,0.037037037037037,0.777777777777778
log1p_standardscaler,3,45,validation,2,40,5339.5,8652.5,12473,946,6207,915.5,0.1,0.9,0.225,0.075,0.7
log1p_standardscaler,3,46,train,0,87,5264,7108,11532,987,4618,1438,0.229885057471264,0.770114942528736,0.172413793103448,0.103448275862069,0.724137931034483
log1p_standardscaler,3,46,train,1,96,17353,3065.5,3444.5,4400.5,515,1190.5,0.947916666666667,0.0520833333333333,0.229166666666667,0.09375,0.677083333333333
log1p_standardscaler,3,46,train,2,81,6338,1110,1902,1103,200,429,1,0,0.209876543209877,0.0987654320987654,0.691358024691358
log1p_standardscaler,3,46,validation,0,40,5339.5,8652.5,12473,946,6207,915.5,0.1,0.9,0.225,0.075,0.7
log1p_standardscaler,3,46,validation,1,21,15671,2770,2543,5845,397,1627,0.904761904761905,0.0952380952380952,0.0476190476190476,0.238095238095238,0.714285714285714
log1p_standardscaler,3,46,validation,2,27,6884,1175,1841,1457,263,360,0.925925925925926,0.0740740740740741,0.185185185185185,0.037037037037037,0.777777777777778
log1p_standardscaler,3,47,train,0,85,7363,1110,1902,1120,227,434,1,0,0.235294117647059,0.0941176470588235,0.670588235294118
log1p_standardscaler,3,47,train,1,87,5224,7108,11532,959,4618,1438,0.241379310344828,0.758620689655172,0.172413793103448,0.103448275862069,0.724137931034483
log1p_standardscaler,3,47,train,2,92,17353,3229.5,3794.5,4478,543,1287.5,0.934782608695652,0.0652173913043478,0.206521739130435,0.0978260869565217,0.695652173913043
log1p_standardscaler,3,47,validation,0,27,6884,1175,1841,1457,263,360,0.925925925925926,0.0740740740740741,0.185185185185185,0.037037037037037,0.777777777777778
log1p_standardscaler,3,47,validation,1,40,5339.5,8652.5,12473,946,6207,915.5,0.1,0.9,0.225,0.075,0.7
log1p_standardscaler,3,47,validation,2,21,15671,2770,2543,5845,397,1627,0.904761904761905,0.0952380952380952,0.0476190476190476,0.238095238095238,0.714285714285714
log1p_standardscaler,3,48,train,0,77,7005,1042,1988,1042,199,409,1,0,0.194805194805195,0.0909090909090909,0.714285714285714
log1p_standardscaler,3,48,train,1,100,16819,3065.5,3414.5,4324,484,1190.5,0.95,0.05,0.24,0.1,0.66
log1p_standardscaler,3,48,train,2,87,5264,7108,11532,987,4618,1438,0.229885057471264,0.770114942528736,0.172413793103448,0.103448275862069,0.724137931034483
log1p_standardscaler,3,48,validation,0,27,6884,1175,1841,1457,263,360,0.925925925925926,0.0740740740740741,0.185185185185185,0.037037037037037,0.777777777777778
log1p_standardscaler,3,48,validation,1,21,15671,2770,2543,5845,397,1627,0.904761904761905,0.0952380952380952,0.0476190476190476,0.238095238095238,0.714285714285714
log1p_standardscaler,3,48,validation,2,40,5339.5,8652.5,12473,946,6207,915.5,0.1,0.9,0.225,0.075,0.7
log1p_standardscaler,3,49,train,0,92,17555.5,3185,3794.5,4478,561.5,1287.5,0.934782608695652,0.0652173913043478,0.217391304347826,0.0978260869565217,0.684782608695652
log1p_standardscaler,3,49,train,1,87,6987,1137,1988,1120,227,434,1,0,0.229885057471264,0.0919540229885057,0.67816091954023
log1p_standardscaler,3,49,train,2,85,5264,7184,11757,959,4621,1452,0.223529411764706,0.776470588235294,0.164705882352941,0.105882352941176,0.729411764705882
log1p_standardscaler,3,49,validation,0,21,15671,2770,2543,5845,397,1627,0.904761904761905,0.0952380952380952,0.0476190476190476,0.238095238095238,0.714285714285714
log1p_standardscaler,3,49,validation,1,27,6884,1175,1841,1457,263,360,0.925925925925926,0.0740740740740741,0.185185185185185,0.037037037037037,0.777777777777778
log1p_standardscaler,3,49,validation,2,40,5339.5,8652.5,12473,946,6207,915.5,0.1,0.9,0.225,0.075,0.7
log1p_standardscaler,3,50,train,0,92,17555.5,3185,3794.5,4478,561.5,1287.5,0.934782608695652,0.0652173913043478,0.217391304347826,0.0978260869565217,0.684782608695652
log1p_standardscaler,3,50,train,1,87,6987,1137,1988,1120,227,434,1,0,0.229885057471264,0.0919540229885057,0.67816091954023
log1p_standardscaler,3,50,train,2,85,5264,7184,11757,959,4621,1452,0.223529411764706,0.776470588235294,0.164705882352941,0.105882352941176,0.729411764705882
log1p_standardscaler,3,50,validation,0,21,15671,2770,2543,5845,397,1627,0.904761904761905,0.0952380952380952,0.0476190476190476,0.238095238095238,0.714285714285714
log1p_standardscaler,3,50,validation,1,27,6884,1175,1841,1457,263,360,0.925925925925926,0.0740740740740741,0.185185185185185,0.037037037037037,0.777777777777778
log1p_standardscaler,3,50,validation,2,40,5339.5,8652.5,12473,946,6207,915.5,0.1,0.9,0.225,0.075,0.7
log1p_standardscaler,3,51,train,0,75,7005,1020,1902,1042,187,409,1,0,0.186666666666667,0.0933333333333333,0.72
log1p_standardscaler,3,51,train,1,102,16154,3065.5,3414.5,4292,484,1160.5,0.950980392156863,0.0490196078431373,0.245098039215686,0.0980392156862745,0.656862745098039
log1p_standardscaler,3,51,train,2,87,5264,7108,11532,987,4618,1438,0.229885057471264,0.770114942528736,0.172413793103448,0.103448275862069,0.724137931034483
log1p_standardscaler,3,51,validation,0,27,6884,1175,1841,1457,263,360,0.925925925925926,0.0740740740740741,0.185185185185185,0.037037037037037,0.777777777777778
log1p_standardscaler,3,51,validation,1,21,15671,2770,2543,5845,397,1627,0.904761904761905,0.0952380952380952,0.0476190476190476,0.238095238095238,0.714285714285714
log1p_standardscaler,3,51,validation,2,40,5339.5,8652.5,12473,946,6207,915.5,0.1,0.9,0.225,0.075,0.7
log1p_standardscaler,4,42,train,0,65,10362,8808,13699,1374,4515,2124,0.246153846153846,0.753846153846154,0.230769230769231,0.0769230769230769,0.692307692307692
log1p_standardscaler,4,42,train,1,69,7388,1020,1763,1103,173,434,1,0,0.173913043478261,0.0869565217391304,0.739130434782609
log1p_standardscaler,4,42,train,2,98,14638.5,2781.5,3298,3849,484,1123.5,0.959183673469388,0.0408163265306122,0.224489795918367,0.112244897959184,0.663265306122449
log1p_standardscaler,4,42,train,3,32,1302,5074,8485,376,3956,302,0.40625,0.59375,0.15625,0.125,0.71875
log1p_standardscaler,4,42,validation,0,29,8040,9763,12469,1159,5957,1451,0.103448275862069,0.896551724137931,0.172413793103448,0.103448275862069,0.724137931034483
log1p_standardscaler,4,42,validation,1,20,7374,1039,1588.5,2082.5,257.5,353.5,1,0,0.25,0,0.75
log1p_standardscaler,4,42,validation,2,21,13360,2374,2469,5127,395,1113,0.857142857142857,0.142857142857143,0.0476190476190476,0.238095238095238,0.714285714285714
log1p_standardscaler,4,42,validation,3,18,1016,7233.5,10675,311.5,4482,313,0.388888888888889,0.611111111111111,0.222222222222222,0.0555555555555556,0.722222222222222
log1p_standardscaler,4,43,train,0,96,15390,2754,3271,3878,484,1123.5,0.958333333333333,0.0416666666666667,0.21875,0.114583333333333,0.666666666666667
log1p_standardscaler,4,43,train,1,69,7363,906,1763,1103,173,429,1,0,0.173913043478261,0.0869565217391304,0.739130434782609
log1p_standardscaler,4,43,train,2,63,10379,9232,13792,1374,4621,2139,0.238095238095238,0.761904761904762,0.238095238095238,0.0793650793650794,0.682539682539683
log1p_standardscaler,4,43,train,3,36,1987.5,5086,8351,376,3855.5,403,0.444444444444444,0.555555555555556,0.166666666666667,0.111111111111111,0.722222222222222
log1p_standardscaler,4,43,validation,0,21,13360,2374,2469,5127,395,1113,0.857142857142857,0.142857142857143,0.0476190476190476,0.238095238095238,0.714285714285714
log1p_standardscaler,4,43,validation,1,20,7374,1039,1588.5,2082.5,257.5,353.5,1,0,0.25,0,0.75
log1p_standardscaler,4,43,validation,2,25,8708,8630,12469,1159,5952,1519,0.12,0.88,0.12,0.08,0.8
log1p_standardscaler,4,43,validation,3,22,1326,7503.5,11013.5,409.5,4917.5,313,0.318181818181818,0.681818181818182,0.272727272727273,0.0909090909090909,0.636363636363636
log1p_standardscaler,4,44,train,0,98,14638.5,2781.5,3298,3849,484,1123.5,0.959183673469388,0.0408163265306122,0.224489795918367,0.112244897959184,0.663265306122449
log1p_standardscaler,4,44,train,1,65,10362,8808,13699,1374,4515,2124,0.246153846153846,0.753846153846154,0.230769230769231,0.0769230769230769,0.692307692307692
log1p_standardscaler,4,44,train,2,32,1302,5074,8485,376,3956,302,0.40625,0.59375,0.15625,0.125,0.71875
log1p_standardscaler,4,44,train,3,69,7388,1020,1763,1103,173,434,1,0,0.173913043478261,0.0869565217391304,0.739130434782609
log1p_standardscaler,4,44,validation,0,21,13360,2374,2469,5127,395,1113,0.857142857142857,0.142857142857143,0.0476190476190476,0.238095238095238,0.714285714285714
log1p_standardscaler,4,44,validation,1,29,8040,9763,12469,1159,5957,1451,0.103448275862069,0.896551724137931,0.172413793103448,0.103448275862069,0.724137931034483
log1p_standardscaler,4,44,validation,2,18,1016,7233.5,10675,311.5,4482,313,0.388888888888889,0.611111111111111,0.222222222222222,0.0555555555555556,0.722222222222222
log1p_standardscaler,4,44,validation,3,20,7374,1039,1588.5,2082.5,257.5,353.5,1,0,0.25,0,0.75
log1p_standardscaler,4,45,train,0,96,15390,2754,3271,3878,484,1123.5,0.958333333333333,0.0416666666666667,0.21875,0.114583333333333,0.666666666666667
log1p_standardscaler,4,45,train,1,68,7375.5,963,1720,1107.5,171.5,431.5,1,0,0.161764705882353,0.0882352941176471,0.75
log1p_standardscaler,4,45,train,2,37,1838,5008,8118,388,3837,373,0.459459459459459,0.540540540540541,0.189189189189189,0.108108108108108,0.702702702702703
log1p_standardscaler,4,45,train,3,63,10379,9232,13792,1374,4621,2139,0.238095238095238,0.761904761904762,0.238095238095238,0.0793650793650794,0.682539682539683
log1p_standardscaler,4,45,validation,0,21,13360,2374,2469,5127,395,1113,0.857142857142857,0.142857142857143,0.0476190476190476,0.238095238095238,0.714285714285714
log1p_standardscaler,4,45,validation,1,20,7374,1039,1588.5,2082.5,257.5,353.5,1,0,0.25,0,0.75
log1p_standardscaler,4,45,validation,2,22,1326,7503.5,11013.5,409.5,4917.5,313,0.318181818181818,0.681818181818182,0.272727272727273,0.0909090909090909,0.636363636363636
log1p_standardscaler,4,45,validation,3,25,8708,8630,12469,1159,5952,1519,0.12,0.88,0.12,0.08,0.8
log1p_standardscaler,4,46,train,0,65,10362,8808,13699,1374,4515,2124,0.246153846153846,0.753846153846154,0.230769230769231,0.0769230769230769,0.692307692307692
log1p_standardscaler,4,46,train,1,70,7375.5,963,1764,1096,176,431.5,1,0,0.185714285714286,0.0857142857142857,0.728571428571429
log1p_standardscaler,4,46,train,2,31,1531,5164,8852,364,4003,303,0.387096774193548,0.612903225806452,0.129032258064516,0.129032258064516,0.741935483870968
log1p_standardscaler,4,46,train,3,98,14638.5,2781.5,3298,3849,484,1123.5,0.959183673469388,0.0408163265306122,0.224489795918367,0.112244897959184,0.663265306122449
log1p_standardscaler,4,46,validation,0,28,8374,9196.5,12078,1331.5,5954.5,1463.5,0.107142857142857,0.892857142857143,0.142857142857143,0.107142857142857,0.75
log1p_standardscaler,4,46,validation,1,20,7374,1039,1588.5,2082.5,257.5,353.5,1,0,0.25,0,0.75
log1p_standardscaler,4,46,validation,2,19,1107,7503,10704,340,4797,323,0.368421052631579,0.631578947368421,0.263157894736842,0.0526315789473684,0.684210526315789
log1p_standardscaler,4,46,validation,3,21,13360,2374,2469,5127,395,1113,0.857142857142857,0.142857142857143,0.0476190476190476,0.238095238095238,0.714285714285714
log1p_standardscaler,4,47,train,0,32,1302,5074,8485,376,3956,302,0.40625,0.59375,0.15625,0.125,0.71875
log1p_standardscaler,4,47,train,1,69,7388,1020,1763,1103,173,434,1,0,0.173913043478261,0.0869565217391304,0.739130434782609
log1p_standardscaler,4,47,train,2,99,15177,2801,3315,3860,468,1130,0.95959595959596,0.0404040404040404,0.232323232323232,0.111111111111111,0.656565656565657
log1p_standardscaler,4,47,train,3,64,10060.5,8596,13745.5,1369.5,4568,2102,0.234375,0.765625,0.21875,0.078125,0.703125
log1p_standardscaler,4,47,validation,0,18,1016,7233.5,10675,311.5,4482,313,0.388888888888889,0.611111111111111,0.222222222222222,0.0555555555555556,0.722222222222222
log1p_standardscaler,4,47,validation,1,21,7864,1046,1563,2096,252,360,1,0,0.238095238095238,0,0.761904761904762
log1p_standardscaler,4,47,validation,2,20,13699.5,2401,2506,5486,396,1189.5,0.85,0.15,0.05,0.25,0.7
log1p_standardscaler,4,47,validation,3,29,8040,9763,12469,1159,5957,1451,0.103448275862069,0.896551724137931,0.172413793103448,0.103448275862069,0.724137931034483
log1p_standardscaler,4,48,train,0,33,1838,5266,8852,364,3909,303,0.393939393939394,0.606060606060606,0.121212121212121,0.121212121212121,0.757575757575758
log1p_standardscaler,4,48,train,1,115,13537,2567,2988,3443,439,1060,0.965217391304348,0.0347826086956522,0.217391304347826,0.104347826086957,0.678260869565217
log1p_standardscaler,4,48,train,2,53,6300,829,1524,1089,153,409,1,0,0.188679245283019,0.0943396226415094,0.716981132075472
log1p_standardscaler,4,48,train,3,63,10379,9232,13792,1374,4621,2139,0.238095238095238,0.761904761904762,0.238095238095238,0.0793650793650794,0.682539682539683
log1p_standardscaler,4,48,validation,0,22,1326,7503.5,11013.5,409.5,4917.5,313,0.318181818181818,0.681818181818182,0.272727272727273,0.0909090909090909,0.636363636363636
log1p_standardscaler,4,48,validation,1,26,11664,2345.5,2340.5,2866.5,341.5,996.5,0.884615384615385,0.115384615384615,0.0769230769230769,0.192307692307692,0.730769230769231
log1p_standardscaler,4,48,validation,2,15,9061,1032,1533,1765,252,342,1,0,0.266666666666667,0,0.733333333333333
log1p_standardscaler,4,48,validation,3,25,8708,8630,12469,1159,5952,1519,0.12,0.88,0.12,0.08,0.8
log1p_standardscaler,4,49,train,0,65,10362,8808,13699,1374,4515,2124,0.246153846153846,0.753846153846154,0.230769230769231,0.0769230769230769,0.692307692307692
log1p_standardscaler,4,49,train,1,70,7375.5,963,1764,1096,176,431.5,1,0,0.185714285714286,0.0857142857142857,0.728571428571429
log1p_standardscaler,4,49,train,2,98,14638.5,2781.5,3298,3849,484,1123.5,0.959183673469388,0.0408163265306122,0.224489795918367,0.112244897959184,0.663265306122449
log1p_standardscaler,4,49,train,3,31,1531,5164,8852,364,4003,303,0.387096774193548,0.612903225806452,0.129032258064516,0.129032258064516,0.741935483870968
log1p_standardscaler,4,49,validation,0,28,8374,9196.5,12078,1331.5,5954.5,1463.5,0.107142857142857,0.892857142857143,0.142857142857143,0.107142857142857,0.75
log1p_standardscaler,4,49,validation,1,20,7374,1039,1588.5,2082.5,257.5,353.5,1,0,0.25,0,0.75
log1p_standardscaler,4,49,validation,2,21,13360,2374,2469,5127,395,1113,0.857142857142857,0.142857142857143,0.0476190476190476,0.238095238095238,0.714285714285714
log1p_standardscaler,4,49,validation,3,19,1107,7503,10704,340,4797,323,0.368421052631579,0.631578947368421,0.263157894736842,0.0526315789473684,0.684210526315789
log1p_standardscaler,4,50,train,0,63,10379,9232,13792,1374,4621,2139,0.238095238095238,0.761904761904762,0.238095238095238,0.0793650793650794,0.682539682539683
log1p_standardscaler,4,50,train,1,96,15390,2754,3271,3878,484,1123.5,0.958333333333333,0.0416666666666667,0.21875,0.114583333333333,0.666666666666667
log1p_standardscaler,4,50,train,2,69,7363,906,1763,1103,173,429,1,0,0.173913043478261,0.0869565217391304,0.739130434782609
log1p_standardscaler,4,50,train,3,36,1987.5,5086,8351,376,3855.5,403,0.444444444444444,0.555555555555556,0.166666666666667,0.111111111111111,0.722222222222222
log1p_standardscaler,4,50,validation,0,25,8708,8630,12469,1159,5952,1519,0.12,0.88,0.12,0.08,0.8
log1p_standardscaler,4,50,validation,1,21,13360,2374,2469,5127,395,1113,0.857142857142857,0.142857142857143,0.0476190476190476,0.238095238095238,0.714285714285714
log1p_standardscaler,4,50,validation,2,20,7374,1039,1588.5,2082.5,257.5,353.5,1,0,0.25,0,0.75
log1p_standardscaler,4,50,validation,3,22,1326,7503.5,11013.5,409.5,4917.5,313,0.318181818181818,0.681818181818182,0.272727272727273,0.0909090909090909,0.636363636363636
log1p_standardscaler,4,51,train,0,64,6255.5,895,1781,1065.5,181.5,395.5,1,0,0.1875,0.09375,0.71875
log1p_standardscaler,4,51,train,1,107,15177,2703,3135,3570,439,1083,0.953271028037383,0.0467289719626168,0.224299065420561,0.102803738317757,0.672897196261682
log1p_standardscaler,4,51,train,2,62,10531,9020,13580.5,1606,4498.5,2102,0.241935483870968,0.758064516129032,0.225806451612903,0.0806451612903226,0.693548387096774
log1p_standardscaler,4,51,train,3,31,1640,5479,9785,364,4595,555,0.354838709677419,0.645161290322581,0.129032258064516,0.129032258064516,0.741935483870968
log1p_standardscaler,4,51,validation,0,18,7374,1039,1585.5,1917,258,344.5,1,0,0.222222222222222,0,0.777777777777778
log1p_standardscaler,4,51,validation,1,24,12419.5,2345.5,2387,2866.5,341.5,1090.5,0.875,0.125,0.0833333333333333,0.208333333333333,0.708333333333333
log1p_standardscaler,4,51,validation,2,26,9060.5,9196.5,12078,1622.5,5536.5,1463.5,0.115384615384615,0.884615384615385,0.115384615384615,0.115384615384615,0.769230769230769
log1p_standardscaler,4,51,validation,3,20,1326,7503.5,11343.5,311.5,5177,498.5,0.3,0.7,0.3,0.05,0.65
log1p_standardscaler,5,42,train,0,26,4444.5,586.5,1001,996,87,203.5,1,0,0.269230769230769,0.115384615384615,0.615384615384615
log1p_standardscaler,5,42,train,1,58,9478.5,8218.5,13627,1292.5,5057,1993.5,0.155172413793103,0.844827586206897,0.206896551724138,0.0862068965517241,0.706896551724138
log1p_standardscaler,5,42,train,2,47,19899,4411,4748,6845,603,1902,0.936170212765957,0.0638297872340425,0.25531914893617,0.0638297872340425,0.680851063829787
log1p_standardscaler,5,42,train,3,30,1739,5284,9727.5,376,4049,528,0.4,0.6,0.1,0.133333333333333,0.766666666666667
log1p_standardscaler,5,42,train,4,103,9790,1801,2431,1777,276,665,0.980582524271845,0.0194174757281553,0.194174757281553,0.106796116504854,0.699029126213592
log1p_standardscaler,5,42,validation,0,7,6373,894,975,1457,165,195,1,0,0.285714285714286,0,0.714285714285714
log1p_standardscaler,5,42,validation,1,24,7399,10300,13031.5,1158.5,6481.5,1438.5,0.0416666666666667,0.958333333333333,0.125,0.125,0.75
log1p_standardscaler,5,42,validation,2,12,18408,3297,2545.5,8508.5,599.5,2703,0.833333333333333,0.166666666666667,0,0.0833333333333333,0.916666666666667
log1p_standardscaler,5,42,validation,3,19,1198,7503,11323,340,5038,323,0.315789473684211,0.684210526315789,0.315789473684211,0.0526315789473684,0.631578947368421
log1p_standardscaler,5,42,validation,4,26,9108,1616.5,2038.5,1917,363,669,0.923076923076923,0.0769230769230769,0.153846153846154,0.153846153846154,0.692307692307692
log1p_standardscaler,5,43,train,0,30,1834,5390.5,10431,364,4606.5,610.5,0.333333333333333,0.666666666666667,0.1,0.133333333333333,0.766666666666667
log1p_standardscaler,5,43,train,1,47,22321,3944,3993,7368,507,1824,0.936170212765957,0.0638297872340425,0.212765957446809,0.106382978723404,0.680851063829787
log1p_standardscaler,5,43,train,2,29,5809,589,1094,1042,88,216,1,0,0.275862068965517,0.103448275862069,0.620689655172414
log1p_standardscaler,5,43,train,3,99,9434,1895,2591,1541,284,668,0.97979797979798,0.0202020202020202,0.202020202020202,0.0909090909090909,0.707070707070707
log1p_standardscaler,5,43,train,4,59,10379,8808,13462,1593,4621,2079,0.203389830508475,0.796610169491525,0.220338983050847,0.0847457627118644,0.694915254237288
log1p_standardscaler,5,43,validation,0,18,1326,7590.5,11443,279,5636.5,498.5,0.277777777777778,0.722222222222222,0.333333333333333,0,0.666666666666667
log1p_standardscaler,5,43,validation,1,11,19046,3090,2543,8853,483,2698,0.818181818181818,0.181818181818182,0,0.0909090909090909,0.909090909090909
log1p_standardscaler,5,43,validation,2,8,7118.5,861.5,962.5,2226,181,167,1,0,0.25,0,0.75
log1p_standardscaler,5,43,validation,3,27,8257,1897,2109,1646,351,684,0.888888888888889,0.111111111111111,0.148148148148148,0.185185185185185,0.666666666666667
log1p_standardscaler,5,43,validation,4,24,8374,9903.5,12473,1331.5,6204.5,1438.5,0.0833333333333333,0.916666666666667,0.125,0.125,0.75
log1p_standardscaler,5,44,train,0,100,9198,1905.5,2600,1465.5,297.5,660.5,0.98,0.02,0.2,0.09,0.71
log1p_standardscaler,5,44,train,1,24,723,5390.5,10431,341,5614.5,494,0.208333333333333,0.791666666666667,0.0416666666666667,0.166666666666667,0.791666666666667
log1p_standardscaler,5,44,train,2,49,20049,3836,4221,6845,523,1788,0.938775510204082,0.0612244897959184,0.224489795918367,0.102040816326531,0.673469387755102
log1p_standardscaler,5,44,train,3,62,10060.5,8218.5,13580.5,1369.5,4568,2079.5,0.225806451612903,0.774193548387097,0.225806451612903,0.0806451612903226,0.693548387096774
log1p_standardscaler,5,44,train,4,29,5809,589,1094,1042,88,216,1,0,0.275862068965517,0.103448275862069,0.620689655172414
log1p_standardscaler,5,44,validation,0,26,7922.5,1897,2110.5,1533,363,686.5,0.884615384615385,0.115384615384615,0.153846153846154,0.192307692307692,0.653846153846154
log1p_standardscaler,5,44,validation,1,17,1198,7677,11522,275,5316,323,0.294117647058824,0.705882352941177,0.294117647058824,0,0.705882352941177
log1p_standardscaler,5,44,validation,2,11,19046,3090,2543,8853,483,2698,0.818181818181818,0.181818181818182,0,0.0909090909090909,0.909090909090909
log1p_standardscaler,5,44,validation,3,25,8040,9763,12469,1159,5957,1426,0.08,0.92,0.16,0.12,0.72
log1p_standardscaler,5,44,validation,4,9,7864,829,975,2995,165,195,1,0,0.222222222222222,0,0.777777777777778
log1p_standardscaler,5,45,train,0,78,17584.5,2958.5,3430.5,4648.5,515,1287.5,0.948717948717949,0.0512820512820513,0.192307692307692,0.115384615384615,0.692307692307692
log1p_standardscaler,5,45,train,1,52,3939,5296.5,8219,428.5,3162.5,924.5,0.5,0.5,0.211538461538462,0.0769230769230769,0.711538461538462
log1p_standardscaler,5,45,train,2,49,10379,12319,15400,1740,5141,2139,0.183673469387755,0.816326530612245,0.183673469387755,0.102040816326531,0.714285714285714
log1p_standardscaler,5,45,train,3,13,444,899,2510,264,290,127,0.846153846153846,0.153846153846154,0.153846153846154,0.230769230769231,0.615384615384615
log1p_standardscaler,5,45,train,4,72,8402.5,1126,1672.5,1516.5,199.5,519,1,0,0.236111111111111,0.0694444444444444,0.694444444444444
log1p_standardscaler,5,45,validation,0,14,15431,2401,2506,7275,373,1875,0.928571428571429,0.0714285714285714,0,0.285714285714286,0.714285714285714
log1p_standardscaler,5,45,validation,1,32,3729.5,7233.5,10786,677,4667.5,713,0.28125,0.71875,0.21875,0.15625,0.625
log1p_standardscaler,5,45,validation,2,17,8708,9763,14982,2205,6506,2944,0.117647058823529,0.882352941176471,0.176470588235294,0,0.823529411764706
log1p_standardscaler,5,45,validation,3,3,140,1534,3823,175,1062,27,1,0,0,0,1
log1p_standardscaler,5,45,validation,4,22,9223,1063,1626,2191,257.5,391.5,0.954545454545455,0.0454545454545455,0.227272727272727,0,0.772727272727273
log1p_standardscaler,5,46,train,0,60,8319.5,7870,13627,1208.5,5057,1993.5,0.166666666666667,0.833333333333333,0.2,0.1,0.7
log1p_standardscaler,5,46,train,1,101,9785,1882,2464,1796,276,686,0.99009900990099,0.0099009900990099,0.198019801980198,0.108910891089109,0.693069306930693
log1p_standardscaler,5,46,train,2,46,23828.5,4588,4827,7525.5,588,2039.5,0.934782608695652,0.0652173913043478,0.239130434782609,0.0652173913043478,0.695652173913043
log1p_standardscaler,5,46,train,3,33,1073,4230,7854,349,3874,295,0.454545454545455,0.545454545454545,0.151515151515152,0.121212121212121,0.727272727272727
log1p_standardscaler,5,46,train,4,24,6067.5,549,828.5,1297,75.5,291.5,1,0,0.25,0.0833333333333333,0.666666666666667
log1p_standardscaler,5,46,validation,0,29,6134,10556,12477,955,6457,1426,0.0689655172413793,0.931034482758621,0.206896551724138,0.103448275862069,0.689655172413793
log1p_standardscaler,5,46,validation,1,25,9385,1703,2067,2069,351,689,0.92,0.08,0.16,0.16,0.68
log1p_standardscaler,5,46,validation,2,11,17770,3504,2548,8164,716,2698,0.818181818181818,0.181818181818182,0,0.0909090909090909,0.909090909090909
log1p_standardscaler,5,46,validation,3,15,796,6964,10646,402,4797,254,0.4,0.6,0.2,0.0666666666666667,0.733333333333333
log1p_standardscaler,5,46,validation,4,8,7118.5,804.5,962.5,2402,181,240,1,0,0.25,0,0.75
log1p_standardscaler,5,47,train,0,46,23828.5,4588,4827,7525.5,588,2039.5,0.934782608695652,0.0652173913043478,0.239130434782609,0.0652173913043478,0.695652173913043
log1p_standardscaler,5,47,train,1,107,9612,1840,2453,1777,311,668,0.981308411214953,0.0186915887850467,0.205607476635514,0.102803738317757,0.691588785046729
log1p_standardscaler,5,47,train,2,61,7842,7779,12144,1234,4515,1867,0.213114754098361,0.786885245901639,0.213114754098361,0.0819672131147541,0.704918032786885
log1p_standardscaler,5,47,train,3,26,4444.5,586.5,1001,996,87,203.5,1,0,0.269230769230769,0.115384615384615,0.615384615384615
log1p_standardscaler,5,47,train,4,24,723,5390.5,10431,341,5614.5,494,0.208333333333333,0.791666666666667,0.0416666666666667,0.166666666666667,0.791666666666667
log1p_standardscaler,5,47,validation,0,11,17770,3504,2548,8164,716,2698,0.818181818181818,0.181818181818182,0,0.0909090909090909,0.909090909090909
log1p_standardscaler,5,47,validation,1,29,9061,1703,2067,1765,351,684,0.896551724137931,0.103448275862069,0.137931034482759,0.172413793103448,0.689655172413793
log1p_standardscaler,5,47,validation,2,26,6447.5,9903.5,12473,1092,6207,1438.5,0.0769230769230769,0.923076923076923,0.153846153846154,0.115384615384615,0.730769230769231
log1p_standardscaler,5,47,validation,3,7,6373,894,975,1457,165,195,1,0,0.285714285714286,0,0.714285714285714
log1p_standardscaler,5,47,validation,4,15,1107,7677,11522,283,5316,303,0.266666666666667,0.733333333333333,0.333333333333333,0,0.666666666666667
log1p_standardscaler,5,48,train,0,26,4444.5,586.5,1001,996,87,203.5,1,0,0.269230769230769,0.115384615384615,0.615384615384615
log1p_standardscaler,5,48,train,1,39,2344,5499,9785,398,4095,709,0.333333333333333,0.666666666666667,0.128205128205128,0.102564102564103,0.769230769230769
log1p_standardscaler,5,48,train,2,54,18646,3681,3837.5,6372,529.5,1657,0.944444444444444,0.0555555555555556,0.222222222222222,0.12962962962963,0.648148148148148
log1p_standardscaler,5,48,train,3,91,9785,1750,2431,1492,266,635,0.978021978021978,0.021978021978022,0.197802197802198,0.0769230769230769,0.725274725274725
log1p_standardscaler,5,48,train,4,54,11216.5,10211,14339,1668.5,4784.5,2131.5,0.240740740740741,0.759259259259259,0.222222222222222,0.0925925925925926,0.685185185185185
log1p_standardscaler,5,48,validation,0,7,6373,894,975,1457,165,195,1,0,0.285714285714286,0,0.714285714285714
log1p_standardscaler,5,48,validation,1,21,1454,7677,11522,340,5952,674,0.285714285714286,0.714285714285714,0.285714285714286,0.0952380952380952,0.619047619047619
log1p_standardscaler,5,48,validation,2,12,17296.5,2599,2506,8508.5,439,2419.5,0.916666666666667,0.0833333333333333,0,0.166666666666667,0.833333333333333
log1p_standardscaler,5,48,validation,3,25,9155,1703,2067,1646,351,573,0.88,0.12,0.16,0.16,0.68
log1p_standardscaler,5,48,validation,4,23,9413,8630,11687,1504,5121,1476,0.0869565217391304,0.91304347826087,0.130434782608696,0.0434782608695652,0.826086956521739
log1p_standardscaler,5,49,train,0,29,5809,589,1094,1042,88,216,1,0,0.275862068965517,0.103448275862069,0.620689655172414
log1p_standardscaler,5,49,train,1,57,17623,3587,3779,6404,536,1498,0.947368421052632,0.0526315789473684,0.210526315789474,0.12280701754386,0.666666666666667
log1p_standardscaler,5,49,train,2,62,10370.5,9020,13854,1369.5,4784.5,2131.5,0.225806451612903,0.774193548387097,0.225806451612903,0.0806451612903226,0.693548387096774
log1p_standardscaler,5,49,train,3,29,1838,5479,9670,364,4095,490,0.344827586206897,0.655172413793103,0.103448275862069,0.137931034482759,0.758620689655172
log1p_standardscaler,5,49,train,4,87,9602,1882,2479,1383,257,665,0.977011494252874,0.0229885057471264,0.195402298850575,0.0804597701149425,0.724137931034483
log1p_standardscaler,5,49,validation,0,9,7864,829,975,2995,165,195,1,0,0.222222222222222,0,0.777777777777778
log1p_standardscaler,5,49,validation,1,12,17296.5,2599,2506,8508.5,439,2419.5,0.916666666666667,0.0833333333333333,0,0.166666666666667,0.833333333333333
log1p_standardscaler,5,49,validation,2,24,9060.5,9196.5,12078,1331.5,5536.5,1463.5,0.0833333333333333,0.916666666666667,0.125,0.0833333333333333,0.791666666666667
log1p_standardscaler,5,49,validation,3,19,1454,7677,11522,283,5957,323,0.263157894736842,0.736842105263158,0.315789473684211,0.0526315789473684,0.631578947368421
log1p_standardscaler,5,49,validation,4,24,8706,1897,2110.5,1284.5,326.5,669,0.875,0.125,0.166666666666667,0.166666666666667,0.666666666666667
log1p_standardscaler,5,50,train,0,52,17278,4122.5,4446,6633.5,582.5,1855,0.942307692307692,0.0576923076923077,0.25,0.0769230769230769,0.673076923076923
log1p_standardscaler,5,50,train,1,104,10094,1605.5,2175.5,1786.5,256,625,0.980769230769231,0.0192307692307692,0.201923076923077,0.0961538461538462,0.701923076923077
log1p_standardscaler,5,50,train,2,57,10362,8053,12311,1365,4948,1970,0.175438596491228,0.824561403508772,0.192982456140351,0.087719298245614,0.719298245614035
log1p_standardscaler,5,50,train,3,32,1739,5390.5,10088,376,4345,610.5,0.375,0.625,0.125,0.125,0.75
log1p_standardscaler,5,50,train,4,19,1869,589,1390,890,88,127,1,0,0.263157894736842,0.157894736842105,0.578947368421053
log1p_standardscaler,5,50,validation,0,11,17770,3504,2548,8164,716,2698,0.818181818181818,0.181818181818182,0,0.0909090909090909,0.909090909090909
log1p_standardscaler,5,50,validation,1,28,9270,1246.5,1741,1917,301.5,686.5,0.964285714285714,0.0357142857142857,0.178571428571429,0.142857142857143,0.678571428571429
log1p_standardscaler,5,50,validation,2,24,8148.5,9903.5,12473,1331.5,6204.5,1352,0.0416666666666667,0.958333333333333,0.125,0.125,0.75
log1p_standardscaler,5,50,validation,3,20,1326,7233.5,11343.5,371,5177,664,0.3,0.7,0.3,0.05,0.65
log1p_standardscaler,5,50,validation,4,5,4720,1106,3823,2995,165,46,1,0,0.2,0,0.8
log1p_standardscaler,5,51,train,0,76,17848,2958.5,3430.5,4794.5,515,1230,0.960526315789474,0.0394736842105263,0.197368421052632,0.118421052631579,0.684210526315789
log1p_standardscaler,5,51,train,1,45,4048,5008,6996,425,2674,668,0.533333333333333,0.466666666666667,0.2,0.0888888888888889,0.711111111111111
log1p_standardscaler,5,51,train,2,73,8635,1137,1677,1492,199,520,1,0,0.232876712328767,0.0684931506849315,0.698630136986301
log1p_standardscaler,5,51,train,3,13,444,899,2510,264,290,127,0.846153846153846,0.153846153846154,0.153846153846154,0.230769230769231,0.615384615384615
log1p_standardscaler,5,51,train,4,57,10379,9776,14855,1619,4973,2139,0.192982456140351,0.807017543859649,0.192982456140351,0.087719298245614,0.719298245614035
log1p_standardscaler,5,51,validation,0,14,15431,2401,2506,7275,373,1875,0.928571428571429,0.0714285714285714,0,0.285714285714286,0.714285714285714
log1p_standardscaler,5,51,validation,1,29,2541,6964,10646,666,4167,674,0.310344827586207,0.689655172413793,0.241379310344828,0.137931034482759,0.620689655172414
log1p_standardscaler,5,51,validation,2,22,9223,1063,1626,2191,257.5,391.5,0.954545454545455,0.0454545454545455,0.227272727272727,0,0.772727272727273
log1p_standardscaler,5,51,validation,3,3,140,1534,3823,175,1062,27,1,0,0,0,1
log1p_standardscaler,5,51,validation,4,20,8374,9903.5,13031.5,1830.5,6481.5,2330.5,0.1,0.9,0.15,0.05,0.8
log1p_standardscaler,6,42,train,0,33,25203,5332,5429,6422,764,2435,0.909090909090909,0.0909090909090909,0.272727272727273,0,0.727272727272727
log1p_standardscaler,6,42,train,1,53,9203,3154,3007,720,363,750,0.962264150943396,0.0377358490566038,0.188679245283019,0.0566037735849057,0.754716981132076
log1p_standardscaler,6,42,train,2,24,723,5390.5,10431,341,5614.5,494,0.208333333333333,0.791666666666667,0.0416666666666667,0.166666666666667,0.791666666666667
log1p_standardscaler,6,42,train,3,74,9698.5,1579.5,2435,3512.5,279.5,746.5,1,0,0.22972972972973,0.148648648648649,0.621621621621622
log1p_standardscaler,6,42,train,4,54,8997.5,8218.5,12886.5,1347,5151.5,1922,0.111111111111111,0.888888888888889,0.185185185185185,0.0925925925925926,0.722222222222222
log1p_standardscaler,6,42,train,5,26,4444.5,591.5,1150,943.5,87,203.5,1,0,0.269230769230769,0.115384615384615,0.615384615384615
log1p_standardscaler,6,42,validation,0,7,19046,3634,6100,6386,1480,2708,0.857142857142857,0.142857142857143,0,0,1
log1p_standardscaler,6,42,validation,1,15,8257,3801,2842,688,562,776,0.8,0.2,0.133333333333333,0.2,0.666666666666667
log1p_standardscaler,6,42,validation,2,16,1152.5,7590.5,11422.5,279,5177,313,0.3125,0.6875,0.3125,0,0.6875
log1p_standardscaler,6,42,validation,3,20,11085.5,1149.5,1627.5,3183,269,714,0.9,0.1,0.1,0.15,0.75
log1p_standardscaler,6,42,validation,4,23,6134,10556,13586,1159,6506,1451,0,1,0.173913043478261,0.130434782608696,0.695652173913043
log1p_standardscaler,6,42,validation,5,7,6373,894,975,1457,165,195,1,0,0.285714285714286,0,0.714285714285714
log1p_standardscaler,6,43,train,0,64,18058.5,2836.5,3430.5,5774.5,515,1248,0.953125,0.046875,0.21875,0.125,0.65625
log1p_standardscaler,6,43,train,1,51,11594,10765,14886,1740,4948,2124,0.235294117647059,0.764705882352941,0.215686274509804,0.0784313725490196,0.705882352941177
log1p_standardscaler,6,43,train,2,13,444,899,2510,264,290,127,0.846153846153846,0.153846153846154,0.153846153846154,0.230769230769231,0.615384615384615
log1p_standardscaler,6,43,train,3,35,2861,6264,10391,388,4595,1063,0.257142857142857,0.742857142857143,0.142857142857143,0.142857142857143,0.714285714285714
log1p_standardscaler,6,43,train,4,55,9193,2380,2707,909,284,778,0.963636363636364,0.0363636363636364,0.2,0.0545454545454545,0.745454545454545
log1p_standardscaler,6,43,train,5,46,9034.5,834,1338.5,2207.5,208.5,377,1,0,0.239130434782609,0.0652173913043478,0.695652173913043
log1p_standardscaler,6,43,validation,0,12,15431,2372.5,2506,8508.5,363.5,1875,0.916666666666667,0.0833333333333333,0,0.25,0.75
log1p_standardscaler,6,43,validation,1,18,10466,8444.5,13031.5,2062.5,5789,2753.5,0.111111111111111,0.888888888888889,0.111111111111111,0,0.888888888888889
log1p_standardscaler,6,43,validation,2,3,140,1534,3823,175,1062,27,1,0,0,0,1
log1p_standardscaler,6,43,validation,3,22,2447,9107.5,11995.5,883,6342.5,713,0.136363636363636,0.863636363636364,0.318181818181818,0.136363636363636,0.545454545454545
log1p_standardscaler,6,43,validation,4,17,8257,2761,2842,744,549,689,0.764705882352941,0.235294117647059,0.176470588235294,0.176470588235294,0.647058823529412
log1p_standardscaler,6,43,validation,5,16,9223,910.5,1460,2569,212,351,1,0,0.1875,0,0.8125
log1p_standardscaler,6,44,train,0,103,9434,1825,2431,1796,276,686,0.990291262135922,0.00970873786407767,0.213592233009709,0.0970873786407767,0.689320388349515
log1p_standardscaler,6,44,train,1,19,355,5758,13227,364,6236,707,0.210526315789474,0.789473684210526,0.0526315789473684,0.210526315789474,0.736842105263158
log1p_standardscaler,6,44,train,2,61,7842,7779,12144,1234,4515,1867,0.213114754098361,0.786885245901639,0.213114754098361,0.0819672131147541,0.704918032786885
log1p_standardscaler,6,44,train,3,20,5271.5,421,730.5,1159,71,277.5,1,0,0.25,0.15,0.6
log1p_standardscaler,6,44,train,4,46,23828.5,4588,4827,7525.5,588,2039.5,0.934782608695652,0.0652173913043478,0.239130434782609,0.0652173913043478,0.695652173913043
log1p_standardscaler,6,44,train,5,15,8590,3045,4710,269,813,65,0.666666666666667,0.333333333333333,0.133333333333333,0.0666666666666667,0.8
log1p_standardscaler,6,44,validation,0,27,9155,1530,2010,2069,302,689,0.962962962962963,0.037037037037037,0.148148148148148,0.148148148148148,0.703703703703704
log1p_standardscaler,6,44,validation,1,11,834,8675,13430,283,6830,674,0.181818181818182,0.818181818181818,0.272727272727273,0,0.727272727272727
log1p_standardscaler,6,44,validation,2,27,6758,9763,12469,1158,5957,1426,0.0740740740740741,0.925925925925926,0.148148148148148,0.111111111111111,0.740740740740741
log1p_standardscaler,6,44,validation,3,6,5546.5,837,962.5,1274.5,181,240,1,0,0.333333333333333,0,0.666666666666667
log1p_standardscaler,6,44,validation,4,11,17770,3504,2548,8164,716,2698,0.818181818181818,0.181818181818182,0,0.0909090909090909,0.909090909090909
log1p_standardscaler,6,44,validation,5,6,3968.5,7058,7171,936.5,3187.5,78.5,0.5,0.5,0.333333333333333,0.166666666666667,0.5
log1p_standardscaler,6,45,train,0,52,8997.5,8596,13627,1347,5495,1922,0.115384615384615,0.884615384615385,0.192307692307692,0.0961538461538462,0.711538461538462
log1p_standardscaler,6,45,train,1,47,9193,3373,4602,638,955,548,0.829787234042553,0.170212765957447,0.191489361702128,0.0851063829787234,0.723404255319149
log1p_standardscaler,6,45,train,2,49,19899,4411,4757,6422,603,1942,0.938775510204082,0.0612244897959184,0.26530612244898,0.0408163265306122,0.693877551020408
log1p_standardscaler,6,45,train,3,19,355,5758,13227,364,6236,707,0.210526315789474,0.789473684210526,0.0526315789473684,0.210526315789474,0.736842105263158
log1p_standardscaler,6,45,train,4,19,1869,589,1390,890,88,127,1,0,0.263157894736842,0.157894736842105,0.578947368421053
log1p_standardscaler,6,45,train,5,78,9698.5,1401.5,1963.5,2384,229,645,1,0,0.205128205128205,0.102564102564103,0.692307692307692
log1p_standardscaler,6,45,validation,0,21,6006,10556,14982,1159,6707,1476,0,1,0.19047619047619,0.142857142857143,0.666666666666667
log1p_standardscaler,6,45,validation,1,17,8257,3922,5126,666,1679,654,0.647058823529412,0.352941176470588,0.176470588235294,0.117647058823529,0.705882352941177
log1p_standardscaler,6,45,validation,2,10,17296.5,3569,2645.5,7619.5,908,2703,0.8,0.2,0,0.1,0.9
log1p_standardscaler,6,45,validation,3,13,1107,7677,13430,283,6830,323,0.230769230769231,0.769230769230769,0.307692307692308,0,0.692307692307692
log1p_standardscaler,6,45,validation,4,5,4720,1106,3823,2995,165,46,1,0,0.2,0,0.8
log1p_standardscaler,6,45,validation,5,22,9270,1102,1588.5,2475,263.5,714,0.954545454545455,0.0454545454545455,0.136363636363636,0.136363636363636,0.727272727272727
log1p_standardscaler,6,46,train,0,59,10379,9232,13792,1593,4948,2139,0.220338983050847,0.779661016949153,0.220338983050847,0.0847457627118644,0.694915254237288
log1p_standardscaler,6,46,train,1,78,10094,1888.5,2464,1338.5,255.5,677,0.987179487179487,0.0128205128205128,0.179487179487179,0.0897435897435897,0.730769230769231
log1p_standardscaler,6,46,train,2,33,3047,5499,9464,398,3909,555,0.393939393939394,0.606060606060606,0.121212121212121,0.121212121212121,0.757575757575758
log1p_standardscaler,6,46,train,3,59,16933,3216,3779,6404,536,1404,0.949152542372881,0.0508474576271186,0.23728813559322,0.11864406779661,0.644067796610169
log1p_standardscaler,6,46,train,4,24,7610.5,549,828.5,1390.5,82.5,291.5,1,0,0.291666666666667,0,0.708333333333333
log1p_standardscaler,6,46,train,5,11,327,918,3316,264,334,127,0.818181818181818,0.181818181818182,0.181818181818182,0.272727272727273,0.545454545454545
log1p_standardscaler,6,46,validation,0,21,8708,8630,12477,1504,6457,1519,0.0476190476190476,0.952380952380952,0.142857142857143,0.0476190476190476,0.80952380952381
log1p_standardscaler,6,46,validation,1,23,9385,1897,2109,1420,301,684,0.956521739130435,0.0434782608695652,0.173913043478261,0.130434782608696,0.695652173913043
log1p_standardscaler,6,46,validation,2,22,2447,7590.5,11443,795,5634,509,0.181818181818182,0.818181818181818,0.272727272727273,0.136363636363636,0.590909090909091
log1p_standardscaler,6,46,validation,3,12,17296.5,2599,2506,8508.5,439,2419.5,0.916666666666667,0.0833333333333333,0,0.166666666666667,0.833333333333333
log1p_standardscaler,6,46,validation,4,7,7864,780,950,3347,197,285,1,0,0.285714285714286,0,0.714285714285714
log1p_standardscaler,6,46,validation,5,3,140,1534,3823,175,1062,27,1,0,0,0,1
log1p_standardscaler,6,47,train,0,75,9434,1364,1783,2077,212,615,1,0,0.213333333333333,0.0533333333333333,0.733333333333333
log1p_standardscaler,6,47,train,1,19,355,5758,13227,364,6236,707,0.210526315789474,0.789473684210526,0.0526315789473684,0.210526315789474,0.736842105263158
log1p_standardscaler,6,47,train,2,53,18073,3795,3993,6404,536,1621,0.943396226415094,0.0566037735849057,0.226415094339623,0.132075471698113,0.641509433962264
log1p_standardscaler,6,47,train,3,17,964,640,1664,597,184,84,1,0,0.235294117647059,0.176470588235294,0.588235294117647
log1p_standardscaler,6,47,train,4,46,10336,3662.5,4862,635.5,1193,548,0.804347826086957,0.195652173913043,0.195652173913043,0.0652173913043478,0.739130434782609
log1p_standardscaler,6,47,train,5,54,9478.5,9504,13854,1643.5,5151.5,2109,0.166666666666667,0.833333333333333,0.222222222222222,0.0925925925925926,0.685185185185185
log1p_standardscaler,6,47,validation,0,22,8462.5,1063,1588.5,2191,263.5,686.5,0.954545454545455,0.0454545454545455,0.136363636363636,0.0454545454545455,0.818181818181818
log1p_standardscaler,6,47,validation,1,12,970.5,8176,14804,342.5,7416.5,692,0.166666666666667,0.833333333333333,0.25,0,0.75
log1p_standardscaler,6,47,validation,2,13,16823,3090,2743,6386,492,2498,0.846153846153846,0.153846153846154,0,0.230769230769231,0.769230769230769
log1p_standardscaler,6,47,validation,3,4,2664,4129,2678,1912.5,143.5,29.5,1,0,0.25,0,0.75
log1p_standardscaler,6,47,validation,4,17,8257,4737,5876,559,1976,572,0.588235294117647,0.411764705882353,0.235294117647059,0.117647058823529,0.647058823529412
log1p_standardscaler,6,47,validation,5,20,6070,10300,14284,1331.5,6606.5,1451,0,1,0.2,0.15,0.65
log1p_standardscaler,6,48,train,0,45,8607,4230,5119,541,1566,668,0.688888888888889,0.311111111111111,0.177777777777778,0.0666666666666667,0.755555555555556
log1p_standardscaler,6,48,train,1,18,1985,614.5,1385.5,743.5,136,105.5,1,0,0.277777777777778,0.111111111111111,0.611111111111111
log1p_standardscaler,6,48,train,2,13,180,4025,9670,440,5611,666,0.307692307692308,0.692307692307692,0,0.230769230769231,0.769230769230769
log1p_standardscaler,6,48,train,3,54,8997.5,9504,14385.5,1606,5495,2109,0.148148148148148,0.851851851851852,0.203703703703704,0.0925925925925926,0.703703703703704
log1p_standardscaler,6,48,train,4,85,9612,1433,2028,2181,234,635,1,0,0.211764705882353,0.105882352941176,0.682352941176471
log1p_standardscaler,6,48,train,5,49,19899,3965,4252,6422,573,1824,0.938775510204082,0.0612244897959184,0.244897959183673,0.0816326530612245,0.673469387755102
log1p_standardscaler,6,48,validation,0,19,6758,5279,7994,559,2587,572,0.473684210526316,0.526315789473684,0.157894736842105,0.157894736842105,0.684210526315789
log1p_standardscaler,6,48,validation,1,4,2664,4129,2678,1912.5,143.5,29.5,1,0,0.25,0,0.75
log1p_standardscaler,6,48,validation,2,6,239.5,7590.5,13916.5,798,5906,488.5,0.333333333333333,0.666666666666667,0.166666666666667,0,0.833333333333333
log1p_standardscaler,6,48,validation,3,23,5283,10940,16767,1158,6728,1476,0,1,0.260869565217391,0.0869565217391304,0.652173913043478
log1p_standardscaler,6,48,validation,4,25,9061,1124,1638,2286,264,689,0.96,0.04,0.16,0.12,0.72
log1p_standardscaler,6,48,validation,5,11,17770,3504,2548,8164,716,2698,0.818181818181818,0.181818181818182,0,0.0909090909090909,0.909090909090909
log1p_standardscaler,6,49,train,0,79,9898,1895,2475,1341,256,668,0.987341772151899,0.0126582278481013,0.177215189873418,0.0886075949367089,0.734177215189873
log1p_standardscaler,6,49,train,1,50,11408.5,10705.5,15143,1715.5,4960.5,2101.5,0.22,0.78,0.2,0.08,0.72
log1p_standardscaler,6,49,train,2,59,16933,3216,3779,6404,536,1404,0.949152542372881,0.0508474576271186,0.23728813559322,0.11864406779661,0.644067796610169
log1p_standardscaler,6,49,train,3,13,444,899,2510,264,290,127,0.846153846153846,0.153846153846154,0.153846153846154,0.230769230769231,0.615384615384615
log1p_standardscaler,6,49,train,4,41,2886,5763,9785,541,4004,1111,0.341463414634146,0.658536585365854,0.170731707317073,0.121951219512195,0.707317073170732
log1p_standardscaler,6,49,train,5,22,8735,577,859,1497,98.5,303,1,0,0.318181818181818,0,0.681818181818182
log1p_standardscaler,6,49,validation,0,22,9270,1800,2088,1284.5,301.5,686.5,0.954545454545455,0.0454545454545455,0.181818181818182,0.136363636363636,0.681818181818182
log1p_standardscaler,6,49,validation,1,19,11519,8630,13586,1920,6457,2563,0.105263157894737,0.894736842105263,0.157894736842105,0,0.842105263157895
log1p_standardscaler,6,49,validation,2,11,16823,2428,2469,8853,395,2341,0.909090909090909,0.0909090909090909,0,0.181818181818182,0.818181818181818
log1p_standardscaler,6,49,validation,3,3,140,1534,3823,175,1062,27,1,0,0,0,1
log1p_standardscaler,6,49,validation,4,25,2541,7677,11323,848,5316,710,0.16,0.84,0.24,0.16,0.6
log1p_standardscaler,6,49,validation,5,8,8462.5,804.5,962.5,3171,181,212,1,0,0.25,0,0.75
log1p_standardscaler,6,50,train,0,25,1073,5499,11055,333,5618,555,0.2,0.8,0.08,0.16,0.76
log1p_standardscaler,6,50,train,1,46,9034.5,834,1338.5,2207.5,208.5,377,1,0,0.239130434782609,0.0652173913043478,0.695652173913043
log1p_standardscaler,6,50,train,2,59,10379,9232,13699,1619,4621,2079,0.203389830508475,0.796610169491525,0.203389830508475,0.0847457627118644,0.711864406779661
log1p_standardscaler,6,50,train,3,11,503,879,2216,414,223,127,1,0,0.181818181818182,0.272727272727273,0.545454545454545
log1p_standardscaler,6,50,train,4,56,8734,2689.5,2932,860.5,354.5,711,0.964285714285714,0.0357142857142857,0.196428571428571,0.0535714285714286,0.75
log1p_standardscaler,6,50,train,5,67,18567,2801,3417,5343,500,1333,0.955223880597015,0.0447761194029851,0.238805970149254,0.119402985074627,0.641791044776119
log1p_standardscaler,6,50,validation,0,16,1571.5,7590.5,12476,342.5,6393.5,692,0.1875,0.8125,0.375,0,0.625
log1p_standardscaler,6,50,validation,1,16,9223,910.5,1460,2569,212,351,1,0,0.1875,0,0.8125
log1p_standardscaler,6,50,validation,2,24,8374,9903.5,12473,1775,6204.5,1497.5,0.0833333333333333,0.916666666666667,0.125,0.125,0.75
log1p_standardscaler,6,50,validation,3,3,140,1534,3823,175,1062,27,1,0,0,0,1
log1p_standardscaler,6,50,validation,4,17,8257,2761,2842,744,549,689,0.764705882352941,0.235294117647059,0.176470588235294,0.176470588235294,0.647058823529412
log1p_standardscaler,6,50,validation,5,12,15431,2372.5,2506,8508.5,363.5,1875,0.916666666666667,0.0833333333333333,0,0.25,0.75
log1p_standardscaler,6,51,train,0,31,25203,5506,5615,6422,764,2503,0.903225806451613,0.0967741935483871,0.290322580645161,0,0.709677419354839
log1p_standardscaler,6,51,train,1,69,11134,1642,2464,3724,299,772,1,0,0.217391304347826,0.159420289855072,0.623188405797101
log1p_standardscaler,6,51,train,2,58,8193.5,2318,2840.5,860.5,332,711,0.96551724137931,0.0344827586206897,0.189655172413793,0.0517241379310345,0.758620689655172
log1p_standardscaler,6,51,train,3,23,955,5302,10391,333,5611,433,0.217391304347826,0.782608695652174,0.0434782608695652,0.173913043478261,0.782608695652174
log1p_standardscaler,6,51,train,4,27,4734,589,1138,950,88,204,1,0,0.259259259259259,0.111111111111111,0.62962962962963
log1p_standardscaler,6,51,train,5,56,8997.5,8218.5,13627,1292.5,5151.5,1922,0.125,0.875,0.196428571428571,0.0892857142857143,0.714285714285714
log1p_standardscaler,6,51,validation,0,6,20830.5,4329.5,6649,6349,1529.5,3922.5,0.833333333333333,0.166666666666667,0,0,1
log1p_standardscaler,6,51,validation,1,20,11040,1330.5,1627.5,3365,263.5,744,0.95,0.05,0.1,0.15,0.75
log1p_standardscaler,6,51,validation,2,14,7922.5,2567.5,2624,761.5,475.5,613.5,0.785714285714286,0.214285714285714,0.142857142857143,0.214285714285714,0.642857142857143
log1p_standardscaler,6,51,validation,3,16,1152.5,7590.5,11422.5,279,5177,313,0.3125,0.6875,0.3125,0,0.6875
log1p_standardscaler,6,51,validation,4,7,6373,894,975,1457,165,195,1,0,0.285714285714286,0,0.714285714285714
log1p_standardscaler,6,51,validation,5,25,6758,10044,12477,1158,6457,1426,0.04,0.96,0.16,0.12,0.72
log1p_standardscaler,7,42,train,0,57,9203,2884,2857,830,363,750,0.929824561403509,0.0701754385964912,0.157894736842105,0.0526315789473684,0.789473684210526
log1p_standardscaler,7,42,train,1,21,7363,577,778,1206,79,258,1,0,0.238095238095238,0,0.761904761904762
log1p_standardscaler,7,42,train,2,29,25203,5989,6536,7368,788,2503,0.931034482758621,0.0689655172413793,0.275862068965517,0,0.724137931034483
log1p_standardscaler,7,42,train,3,27,2344,6154,11055,333,5618,707,0.222222222222222,0.777777777777778,0.111111111111111,0.148148148148148,0.740740740740741
log1p_standardscaler,7,42,train,4,71,11134,1666,2500,3703,299,834,1,0,0.253521126760563,0.154929577464789,0.591549295774648
log1p_standardscaler,7,42,train,5,48,8997.5,9020,12886.5,1606,5151.5,1870.5,0.104166666666667,0.895833333333333,0.1875,0.104166666666667,0.708333333333333
log1p_standardscaler,7,42,train,6,11,327,918,3316,264,334,127,0.818181818181818,0.181818181818182,0.181818181818182,0.272727272727273,0.545454545454545
log1p_standardscaler,7,42,validation,0,16,8963.5,3281,2864,716,555.5,715,0.75,0.25,0.125,0.1875,0.6875
log1p_standardscaler,7,42,validation,1,7,7864,780,975,2995,165,285,1,0,0.285714285714286,0,0.714285714285714
log1p_standardscaler,7,42,validation,2,6,20830.5,4329.5,6649,6349,1529.5,3922.5,0.833333333333333,0.166666666666667,0,0,1
log1p_standardscaler,7,42,validation,3,16,1571.5,7590.5,12476,342.5,6393.5,692,0.1875,0.8125,0.375,0,0.625
log1p_standardscaler,7,42,validation,4,19,10766,1486,1617,3383,264,749,0.947368421052632,0.0526315789473684,0.105263157894737,0.157894736842105,0.736842105263158
log1p_standardscaler,7,42,validation,5,21,6758,10556,13586,1504,6506,1451,0,1,0.142857142857143,0.142857142857143,0.714285714285714
log1p_standardscaler,7,42,validation,6,3,140,1534,3823,175,1062,27,1,0,0,0,1
log1p_standardscaler,7,43,train,0,19,355,5758,13227,364,6236,707,0.210526315789474,0.789473684210526,0.0526315789473684,0.210526315789474,0.736842105263158
log1p_standardscaler,7,43,train,1,54,7774.5,2437.5,3008,815,270.5,764,0.981481481481482,0.0185185185185185,0.166666666666667,0.0740740740740741,0.759259259259259
log1p_standardscaler,7,43,train,2,47,23632,4563,4757,6845,603,2137,0.936170212765957,0.0638297872340425,0.234042553191489,0.0638297872340425,0.702127659574468
log1p_standardscaler,7,43,train,3,55,9198,8053,13462,1329,5141,1874,0.127272727272727,0.872727272727273,0.2,0.0909090909090909,0.709090909090909
log1p_standardscaler,7,43,train,4,60,9698.5,1355.5,2001.5,2961,341,610,1,0,0.283333333333333,0.116666666666667,0.6
log1p_standardscaler,7,43,train,5,16,4944.5,2879,3579,254.5,611,67.5,0.6875,0.3125,0.125,0.125,0.75
log1p_standardscaler,7,43,train,6,13,6211,337,585,1388,43,296,1,0,0.230769230769231,0.0769230769230769,0.692307692307692
log1p_standardscaler,7,43,validation,0,12,970.5,8176,12476,279,5934,498.5,0.25,0.75,0.333333333333333,0,0.666666666666667
log1p_standardscaler,7,43,validation,1,12,6070.5,3281,2387,761.5,399.5,715,0.916666666666667,0.0833333333333333,0.166666666666667,0.166666666666667,0.666666666666667
log1p_standardscaler,7,43,validation,2,9,16823,3504,2743,6386,1333,2708,0.777777777777778,0.222222222222222,0,0.111111111111111,0.888888888888889
log1p_standardscaler,7,43,validation,3,26,6447.5,9903.5,12473,1092,6207,1438.5,0.0769230769230769,0.923076923076923,0.153846153846154,0.115384615384615,0.730769230769231
log1p_standardscaler,7,43,validation,4,22,9108,1063,1588.5,2866.5,257.5,550.5,0.954545454545455,0.0454545454545455,0.181818181818182,0.0909090909090909,0.727272727272727
log1p_standardscaler,7,43,validation,5,5,2541,6964,6089,1456,2208,37,0.4,0.6,0.2,0.2,0.6
log1p_standardscaler,7,43,validation,6,2,6521,823,908,961,46.5,1214,1,0,0,0,1
log1p_standardscaler,7,44,train,0,43,9434,848,1330,1388,149,405,1,0,0.232558139534884,0.0465116279069767,0.720930232558139
log1p_standardscaler,7,44,train,1,45,9203,3648,4657,561,1107,668,0.822222222222222,0.177777777777778,0.177777777777778,0.0444444444444444,0.777777777777778
log1p_standardscaler,7,44,train,2,19,355,5758,13227,364,6236,707,0.210526315789474,0.789473684210526,0.0526315789473684,0.210526315789474,0.736842105263158
log1p_standardscaler,7,44,train,3,30,26552,5747.5,6075.5,6895,776,2469,0.9,0.1,0.266666666666667,0,0.733333333333333
log1p_standardscaler,7,44,train,4,10,522.5,803,2138,339,237,89.5,1,0,0.2,0.3,0.5
log1p_standardscaler,7,44,train,5,50,8319.5,8596,13854,1483.5,6101,1922,0.08,0.92,0.2,0.1,0.7
log1p_standardscaler,7,44,train,6,67,10405,1931,2500,3724,299,1043,1,0,0.223880597014925,0.149253731343284,0.626865671641791
log1p_standardscaler,7,44,validation,0,11,9061,894,1167,2096,197,285,1,0,0.272727272727273,0,0.727272727272727
log1p_standardscaler,7,44,validation,1,18,7922.5,4458.5,5555,609,1885.5,572.5,0.611111111111111,0.388888888888889,0.222222222222222,0.111111111111111,0.666666666666667
log1p_standardscaler,7,44,validation,2,11,1107,8675,15205,402,7818,710,0.0909090909090909,0.909090909090909,0.272727272727273,0,0.727272727272727
log1p_standardscaler,7,44,validation,3,5,22615,5025,7198,6312,1579,5137,0.8,0.2,0,0,1
log1p_standardscaler,7,44,validation,4,3,140,1534,3823,175,1062,27,1,0,0,0,1
log1p_standardscaler,7,44,validation,5,20,6070,10300,14284,1331.5,6606.5,1451,0,1,0.2,0.15,0.65
log1p_standardscaler,7,44,validation,6,20,11474.5,2050.5,2005,3201,269,996.5,0.9,0.1,0.05,0.2,0.75
log1p_standardscaler,7,45,train,0,68,11188.5,1654,2469.5,3713.5,306.5,802.5,1,0,0.220588235294118,0.161764705882353,0.617647058823529
log1p_standardscaler,7,45,train,1,31,25203,5506,5615,6422,764,2503,0.903225806451613,0.0967741935483871,0.290322580645161,0,0.709677419354839
log1p_standardscaler,7,45,train,2,54,9027,2194,2677.5,860.5,297.5,711,0.962962962962963,0.037037037037037,0.185185185185185,0.0555555555555556,0.759259259259259
log1p_standardscaler,7,45,train,3,44,11408.5,9504,15212,1643.5,6101,1922,0.113636363636364,0.886363636363636,0.181818181818182,0.0909090909090909,0.727272727272727
log1p_standardscaler,7,45,train,4,35,2861,6264,10391,388,4595,1063,0.257142857142857,0.742857142857143,0.142857142857143,0.142857142857143,0.714285714285714
log1p_standardscaler,7,45,train,5,20,6787,526,730.5,1159,75.5,237,1,0,0.25,0,0.75
log1p_standardscaler,7,45,train,6,12,306.5,1063,4013,339,312,172,0.833333333333333,0.166666666666667,0.166666666666667,0.25,0.583333333333333
log1p_standardscaler,7,45,validation,0,21,10766,1175,1638,3383,263,739,0.952380952380952,0.0476190476190476,0.0952380952380952,0.142857142857143,0.761904761904762
log1p_standardscaler,7,45,validation,1,6,20830.5,4329.5,6649,6349,1529.5,3922.5,0.833333333333333,0.166666666666667,0,0,1
log1p_standardscaler,7,45,validation,2,15,8257,2761,2842,744,549,654,0.733333333333333,0.266666666666667,0.133333333333333,0.2,0.666666666666667
log1p_standardscaler,7,45,validation,3,20,8726.5,9903.5,13031.5,1331.5,6481.5,1463.5,0.05,0.95,0.15,0.05,0.8
log1p_standardscaler,7,45,validation,4,18,1839,8176,12949.5,652,6393.5,692,0.166666666666667,0.833333333333333,0.333333333333333,0.111111111111111,0.555555555555556
log1p_standardscaler,7,45,validation,5,5,6373,894,950,1457,197,285,1,0,0.4,0,0.6
log1p_standardscaler,7,45,validation,6,3,140,1534,3823,175,1062,27,1,0,0,0,1
log1p_standardscaler,7,46,train,0,9,327,899,3316,440,223,259,1,0,0.222222222222222,0.333333333333333,0.444444444444444
log1p_standardscaler,7,46,train,1,18,368,6011,13954.5,356.5,6491.5,686.5,0.166666666666667,0.833333333333333,0.0555555555555556,0.222222222222222,0.722222222222222
log1p_standardscaler,7,46,train,2,53,8590,3243,3558,633,706,529,0.886792452830189,0.113207547169811,0.150943396226415,0.0754716981132075,0.773584905660377
log1p_standardscaler,7,46,train,3,30,26552,5747.5,6075.5,6895,776,2469,0.9,0.1,0.266666666666667,0,0.733333333333333
log1p_standardscaler,7,46,train,4,55,9198,8053,13462,1329,5141,1874,0.127272727272727,0.872727272727273,0.2,0.0909090909090909,0.709090909090909
log1p_standardscaler,7,46,train,5,78,11188.5,1813,2435,3512.5,287.5,900.5,1,0,0.243589743589744,0.128205128205128,0.628205128205128
log1p_standardscaler,7,46,train,6,21,7363,577,778,1206,79,258,1,0,0.238095238095238,0,0.761904761904762
log1p_standardscaler,7,46,validation,0,4,329,2857,3711.5,417,592,111,1,0,0,0,1
log1p_standardscaler,7,46,validation,1,13,1198,8675,14403,283,7015,674,0.153846153846154,0.846153846153846,0.307692307692308,0,0.692307692307692
log1p_standardscaler,7,46,validation,2,16,8963.5,3898,4060,761.5,838.5,572.5,0.6875,0.3125,0.1875,0.125,0.6875
log1p_standardscaler,7,46,validation,3,6,20830.5,4329.5,6649,6349,1529.5,3922.5,0.833333333333333,0.166666666666667,0,0,1
log1p_standardscaler,7,46,validation,4,22,6135.5,9903.5,13031.5,1158.5,6481.5,1463.5,0.0454545454545455,0.954545454545455,0.181818181818182,0.136363636363636,0.681818181818182
log1p_standardscaler,7,46,validation,5,21,11314,1486,1939,3019,274,749,0.904761904761905,0.0952380952380952,0.0952380952380952,0.19047619047619,0.714285714285714
log1p_standardscaler,7,46,validation,6,6,7118.5,688,962.5,2402,181,313.5,1,0,0.333333333333333,0,0.666666666666667
log1p_standardscaler,7,47,train,0,44,8188,1975.5,2466,655,230.5,810,1,0,0.159090909090909,0.0909090909090909,0.75
log1p_standardscaler,7,47,train,1,55,9759,8053,12311,1329,4973,1874,0.145454545454545,0.854545454545454,0.2,0.0909090909090909,0.709090909090909
log1p_standardscaler,7,47,train,2,35,25203,5010,5330,7368,751,2406,0.914285714285714,0.0857142857142857,0.257142857142857,0,0.742857142857143
log1p_standardscaler,7,47,train,3,72,11334.5,1820.5,2569.5,3196.5,405,706,0.972222222222222,0.0277777777777778,0.208333333333333,0.152777777777778,0.638888888888889
log1p_standardscaler,7,47,train,4,21,7363,577,778,1206,72,258,1,0,0.285714285714286,0,0.714285714285714
log1p_standardscaler,7,47,train,5,10,258.5,1096.5,4013,254.5,371.5,118.5,0.8,0.2,0.2,0.2,0.6
log1p_standardscaler,7,47,train,6,27,2137,5758,10391,364,4618,555,0.333333333333333,0.666666666666667,0.148148148148148,0.148148148148148,0.703703703703704
log1p_standardscaler,7,47,validation,0,10,3673.5,3281,2340.5,701.5,374,850.5,1,0,0.2,0.1,0.7
log1p_standardscaler,7,47,validation,1,23,8040,10044,12477,1159,6457,1426,0.0434782608695652,0.956521739130435,0.130434782608696,0.130434782608696,0.739130434782609
log1p_standardscaler,7,47,validation,2,7,19046,3634,6100,6386,1480,2708,0.857142857142857,0.142857142857143,0,0,1
log1p_standardscaler,7,47,validation,3,21,10766,1175,1939,2714,301,689,0.857142857142857,0.142857142857143,0.0952380952380952,0.19047619047619,0.714285714285714
log1p_standardscaler,7,47,validation,4,7,7864,780,975,2995,165,285,1,0,0.285714285714286,0,0.714285714285714
log1p_standardscaler,7,47,validation,5,3,140,1534,3823,175,1062,27,1,0,0,0,1
log1p_standardscaler,7,47,validation,6,17,1689,7504,11522,402,5957,674,0.176470588235294,0.823529411764706,0.352941176470588,0.0588235294117647,0.588235294117647
log1p_standardscaler,7,48,train,0,13,583,727,2060,469,334,70,1,0,0.230769230769231,0.230769230769231,0.538461538461538
log1p_standardscaler,7,48,train,1,30,26552,5747.5,6075.5,6895,776,2469,0.9,0.1,0.266666666666667,0,0.733333333333333
log1p_standardscaler,7,48,train,2,49,8797,8808,13916,1374,6374,1970,0.0816326530612245,0.918367346938776,0.204081632653061,0.102040816326531,0.693877551020408
log1p_standardscaler,7,48,train,3,19,355,5758,13227,364,6236,707,0.210526315789474,0.789473684210526,0.0526315789473684,0.210526315789474,0.736842105263158
log1p_standardscaler,7,48,train,4,41,8635,873,1495,1170,111,434,1,0,0.219512195121951,0.0487804878048781,0.731707317073171
log1p_standardscaler,7,48,train,5,43,9670,3677,4754,633,1202,665,0.790697674418605,0.209302325581395,0.186046511627907,0.0465116279069767,0.767441860465116
log1p_standardscaler,7,48,train,6,69,10290,1916,2500,3703,314,995,1,0,0.217391304347826,0.144927536231884,0.63768115942029
log1p_standardscaler,7,48,validation,0,4,374,4343,5620,502.5,576,15,1,0,0,0,1
log1p_standardscaler,7,48,validation,1,6,20830.5,4329.5,6649,6349,1529.5,3922.5,0.833333333333333,0.166666666666667,0,0,1
log1p_standardscaler,7,48,validation,2,20,6070,10300,14284,1331.5,6606.5,1451,0,1,0.2,0.15,0.65
log1p_standardscaler,7,48,validation,3,11,1107,8675,15205,402,7818,710,0.0909090909090909,0.909090909090909,0.272727272727273,0,0.727272727272727
log1p_standardscaler,7,48,validation,4,9,7864,894,1167,2069,197,342,1,0,0.333333333333333,0,0.666666666666667
log1p_standardscaler,7,48,validation,5,18,7922.5,4458.5,5555,609,1885.5,572.5,0.611111111111111,0.388888888888889,0.222222222222222,0.111111111111111,0.666666666666667
log1p_standardscaler,7,48,validation,6,20,10349.5,1892,1969.5,3201,269,918,0.9,0.1,0.05,0.2,0.75
log1p_standardscaler,7,49,train,0,45,9193,3327,4157,576,850,548,0.866666666666667,0.133333333333333,0.177777777777778,0.0666666666666667,0.755555555555556
log1p_standardscaler,7,49,train,1,53,9198,8384,12311,1365,5141,1874,0.113207547169811,0.886792452830189,0.169811320754717,0.0943396226415094,0.735849056603774
log1p_standardscaler,7,49,train,2,30,26552,5747.5,6075.5,6895,776,2469,0.9,0.1,0.266666666666667,0,0.733333333333333
log1p_standardscaler,7,49,train,3,34,7813.5,678.5,1203.5,1385.5,128.5,400.5,1,0,0.264705882352941,0.0294117647058824,0.705882352941177
log1p_standardscaler,7,49,train,4,13,444,899,2510,264,290,127,0.846153846153846,0.153846153846154,0.153846153846154,0.230769230769231,0.615384615384615
log1p_standardscaler,7,49,train,5,72,11188.5,1893,2469.5,3573,305,991,1,0,0.222222222222222,0.138888888888889,0.638888888888889
log1p_standardscaler,7,49,train,6,17,491,6264,13916,364,6818,1111,0.176470588235294,0.823529411764706,0.117647058823529,0.235294117647059,0.647058823529412
log1p_standardscaler,7,49,validation,0,14,8963.5,3919,4417,673.5,1298.5,572.5,0.642857142857143,0.357142857142857,0.214285714285714,0.142857142857143,0.642857142857143
log1p_standardscaler,7,49,validation,1,20,6446,10300,14284,1331.5,6606.5,1463.5,0,1,0.15,0.15,0.7
log1p_standardscaler,7,49,validation,2,6,20830.5,4329.5,6649,6349,1529.5,3922.5,0.833333333333333,0.166666666666667,0,0,1
log1p_standardscaler,7,49,validation,3,11,9061,894,1167,2096,197,285,1,0,0.272727272727273,0,0.727272727272727
log1p_standardscaler,7,49,validation,4,3,140,1534,3823,175,1062,27,1,0,0,0,1
log1p_standardscaler,7,49,validation,5,19,11314,1897,2000,3019,264,925,0.894736842105263,0.105263157894737,0.0526315789473684,0.210526315789474,0.736842105263158
log1p_standardscaler,7,49,validation,6,15,1454,7677,13430,283,6830,710,0.2,0.8,0.333333333333333,0,0.666666666666667
log1p_standardscaler,7,50,train,0,18,6067.5,356.5,730.5,1390.5,52.5,303,1,0,0.277777777777778,0.111111111111111,0.611111111111111
log1p_standardscaler,7,50,train,1,45,7842,6154,9170,1031,3321,1892,0.4,0.6,0.2,0.0666666666666667,0.733333333333333
log1p_standardscaler,7,50,train,2,95,9602,1780,2362,1960,257,686,1,0,0.210526315789474,0.0947368421052632,0.694736842105263
log1p_standardscaler,7,50,train,3,19,4048,2713,3558,269,813,120,0.736842105263158,0.263157894736842,0.210526315789474,0.105263157894737,0.684210526315789
log1p_standardscaler,7,50,train,4,44,21765.5,4487,4752.5,7525.5,554.5,1922,0.931818181818182,0.0681818181818182,0.25,0.0681818181818182,0.681818181818182
log1p_standardscaler,7,50,train,5,19,355,5758,13227,364,6236,707,0.210526315789474,0.789473684210526,0.0526315789473684,0.210526315789474,0.736842105263158
log1p_standardscaler,7,50,train,6,24,9478.5,14234,21762.5,2654.5,9287.5,1759.5,0.0833333333333333,0.916666666666667,0.166666666666667,0.125,0.708333333333333
log1p_standardscaler,7,50,validation,0,6,6292,745,1254,2402,127.5,268.5,1,0,0.166666666666667,0,0.833333333333333
log1p_standardscaler,7,50,validation,1,16,10291.5,6204.5,9389.5,907.5,2748.5,1157.5,0.25,0.75,0.0625,0.1875,0.75
log1p_standardscaler,7,50,validation,2,26,8105,1616.5,2005,1917,301.5,714,0.961538461538462,0.0384615384615385,0.192307692307692,0.115384615384615,0.692307692307692
log1p_standardscaler,7,50,validation,3,5,2541,6964,6089,1456,2208,37,0.4,0.6,0.2,0.2,0.6
log1p_standardscaler,7,50,validation,4,10,18408,3297,2545.5,8508.5,599.5,2598,0.8,0.2,0,0.1,0.9
log1p_standardscaler,7,50,validation,5,13,1107,8675,13430,275,6830,674,0.230769230769231,0.769230769230769,0.307692307692308,0,0.692307692307692
log1p_standardscaler,7,50,validation,6,12,5778,10824.5,19640,1864.5,8014.5,1762,0,1,0.25,0.0833333333333333,0.666666666666667
log1p_standardscaler,7,51,train,0,25,8590,3686,4814,597,1216,225,0.68,0.32,0.2,0.12,0.68
log1p_standardscaler,7,51,train,1,53,16933,3749,4221,6404,603,1498,0.943396226415094,0.0566037735849057,0.245283018867925,0.0943396226415094,0.660377358490566
log1p_standardscaler,7,51,train,2,80,9841.5,1605.5,2175.5,1571,238.5,711,1,0,0.175,0.0875,0.7375
log1p_standardscaler,7,51,train,3,30,1980,6417,11385,479.5,5386.5,1354.5,0.3,0.7,0.166666666666667,0.133333333333333,0.7
log1p_standardscaler,7,51,train,4,10,238,908.5,4975.5,339,256.5,238,0.8,0.2,0.1,0.3,0.6
log1p_standardscaler,7,51,train,5,17,6211,367,585,1388,56,287,1,0,0.352941176470588,0,0.647058823529412
log1p_standardscaler,7,51,train,6,49,11594,10646,14886,1740,4948,2124,0.224489795918367,0.775510204081633,0.204081632653061,0.0816326530612245,0.714285714285714
log1p_standardscaler,7,51,validation,0,10,9713.5,4329.5,8123.5,1185.5,2289.5,246.5,0.5,0.5,0.2,0.2,0.6
log1p_standardscaler,7,51,validation,1,10,17296.5,2543.5,2506,9390,407.5,2419.5,0.9,0.1,0,0.2,0.8
log1p_standardscaler,7,51,validation,2,21,9155,1897,2000,2069,301,749,0.952380952380952,0.0476190476190476,0.19047619047619,0.0952380952380952,0.714285714285714
log1p_standardscaler,7,51,validation,3,18,1332,9651.5,12949.5,875,6342.5,892,0.111111111111111,0.888888888888889,0.277777777777778,0.111111111111111,0.611111111111111
log1p_standardscaler,7,51,validation,4,4,329,2857,3711.5,417,592,111,1,0,0,0,1
log1p_standardscaler,7,51,validation,5,6,7118.5,804.5,816.5,3478.5,224.5,212,1,0,0.333333333333333,0,0.666666666666667
log1p_standardscaler,7,51,validation,6,19,11519,8259,12477,1809,6457,1519,0.105263157894737,0.894736842105263,0.105263157894737,0.0526315789473684,0.842105263157895
log1p_standardscaler,8,42,train,0,22,4907.5,4607,6594,439,1641,266.5,0.590909090909091,0.409090909090909,0.181818181818182,0.136363636363636,0.681818181818182
log1p_standardscaler,8,42,train,1,62,11389,1820.5,2500.5,3849,337,900.5,1,0,0.225806451612903,0.161290322580645,0.612903225806452
log1p_standardscaler,8,42,train,2,15,243,6264,11532,388,5618,709,0.2,0.8,0.0666666666666667,0.133333333333333,0.8
log1p_standardscaler,8,42,train,3,30,26552,5747.5,6075.5,6895,776,2469,0.9,0.1,0.266666666666667,0,0.733333333333333
log1p_standardscaler,8,42,train,4,22,8735,577,859,1497,98.5,303,1,0,0.318181818181818,0,0.681818181818182
log1p_standardscaler,8,42,train,5,54,9478.5,8218.5,13627,1292.5,5151.5,1922,0.12962962962963,0.87037037037037,0.203703703703704,0.0925925925925926,0.703703703703704
log1p_standardscaler,8,42,train,6,8,473.5,706,2036,339,136,129.5,1,0,0.125,0.375,0.5
log1p_standardscaler,8,42,train,7,51,8607,2032,2609,909,249,823,0.980392156862745,0.0196078431372549,0.156862745098039,0.0588235294117647,0.784313725490196
log1p_standardscaler,8,42,validation,0,11,5626,6964,8335,1456,3843,239,0.363636363636364,0.636363636363636,0.181818181818182,0.181818181818182,0.636363636363636
log1p_standardscaler,8,42,validation,1,16,10349.5,1708.5,1778,4255,263.5,850.5,0.9375,0.0625,0.0625,0.1875,0.75
log1p_standardscaler,8,42,validation,2,8,387,8176,13916.5,610,6922.5,713,0.125,0.875,0.25,0,0.75
log1p_standardscaler,8,42,validation,3,6,20830.5,4329.5,6649,6349,1529.5,3922.5,0.833333333333333,0.166666666666667,0,0,1
log1p_standardscaler,8,42,validation,4,9,9061,829,975,2096,197,285,1,0,0.333333333333333,0,0.666666666666667
log1p_standardscaler,8,42,validation,5,24,6446,9903.5,13031.5,980,6481.5,1438.5,0.0416666666666667,0.958333333333333,0.208333333333333,0.0833333333333333,0.708333333333333
log1p_standardscaler,8,42,validation,6,2,374,4976.5,2678,486,576,99,1,0,0,0,1
log1p_standardscaler,8,42,validation,7,12,6777,2567.5,2387,761.5,399.5,715,0.916666666666667,0.0833333333333333,0.166666666666667,0.166666666666667,0.666666666666667
log1p_standardscaler,8,43,train,0,17,7363,367,683,1388,70,296,1,0,0.235294117647059,0,0.764705882352941
log1p_standardscaler,8,43,train,1,64,11389,1654,2487.5,3849,319.5,851,1,0,0.234375,0.15625,0.609375
log1p_standardscaler,8,43,train,2,61,7780,2132,2707,909,257,710,0.983606557377049,0.0163934426229508,0.19672131147541,0.0655737704918033,0.737704918032787
log1p_standardscaler,8,43,train,3,30,26552,5747.5,6075.5,6895,776,2469,0.9,0.1,0.266666666666667,0,0.733333333333333
log1p_standardscaler,8,43,train,4,55,9198,8053,13462,1329,5141,1874,0.127272727272727,0.872727272727273,0.2,0.0909090909090909,0.709090909090909
log1p_standardscaler,8,43,train,5,18,368,6011,13954.5,356.5,6491.5,686.5,0.166666666666667,0.833333333333333,0.0555555555555556,0.222222222222222,0.722222222222222
log1p_standardscaler,8,43,train,6,17,4048,2713,3558,264,706,70,0.705882352941177,0.294117647058824,0.176470588235294,0.117647058823529,0.705882352941177
log1p_standardscaler,8,43,train,7,2,3,1626.5,6636.5,8020.5,119,629.5,1,0,0,0.5,0.5
log1p_standardscaler,8,43,validation,0,5,4720,894,950,1092,197,285,1,0,0.4,0,0.6
log1p_standardscaler,8,43,validation,1,21,10766,1175,1638,3383,263,739,0.952380952380952,0.0476190476190476,0.0952380952380952,0.142857142857143,0.761904761904762
log1p_standardscaler,8,43,validation,2,13,8257,2761,2406,779,402,654,0.846153846153846,0.153846153846154,0.153846153846154,0.153846153846154,0.692307692307692
log1p_standardscaler,8,43,validation,3,6,20830.5,4329.5,6649,6349,1529.5,3922.5,0.833333333333333,0.166666666666667,0,0,1
log1p_standardscaler,8,43,validation,4,25,6758,9763,12469,1158,5957,1426,0.08,0.92,0.16,0.12,0.72
log1p_standardscaler,8,43,validation,5,14,1152.5,8176,13916.5,279,6922.5,498.5,0.214285714285714,0.785714285714286,0.285714285714286,0,0.714285714285714
log1p_standardscaler,8,43,validation,6,4,5064.5,5944.5,5661.5,1681.5,1635,61.5,0.5,0.5,0.25,0.25,0.5
log1p_standardscaler,8,44,train,0,31,25203,5506,5615,6422,764,2503,0.903225806451613,0.0967741935483871,0.290322580645161,0,0.709677419354839
log1p_standardscaler,8,44,train,1,55,9759,8053,12311,1256,4973,1874,0.163636363636364,0.836363636363636,0.2,0.0909090909090909,0.709090909090909
log1p_standardscaler,8,44,train,2,18,6787,421,634,1297,71,277,1,0,0.277777777777778,0,0.722222222222222
log1p_standardscaler,8,44,train,3,8,113.5,898.5,5481,254.5,312,172,0.75,0.25,0.125,0.25,0.625
log1p_standardscaler,8,44,train,4,44,6996,1953,2442,860.5,213,900.5,1,0,0.136363636363636,0.0909090909090909,0.772727272727273
log1p_standardscaler,8,44,train,5,17,491,6264,13916,364,6818,1111,0.176470588235294,0.823529411764706,0.117647058823529,0.235294117647059,0.647058823529412
log1p_standardscaler,8,44,train,6,26,9198,3662.5,4705.5,633,1149,266.5,0.730769230769231,0.269230769230769,0.192307692307692,0.0769230769230769,0.730769230769231
log1p_standardscaler,8,44,train,7,65,11134,1666,2464,3752,314,833,1,0,0.230769230769231,0.138461538461538,0.630769230769231
log1p_standardscaler,8,44,validation,0,6,20830.5,4329.5,6649,6349,1529.5,3922.5,0.833333333333333,0.166666666666667,0,0,1
log1p_standardscaler,8,44,validation,1,21,8040,10044,12477,1158,6506,1426,0.0476190476190476,0.952380952380952,0.0952380952380952,0.142857142857143,0.761904761904762
log1p_standardscaler,8,44,validation,2,5,4720,894,950,1092,197,285,1,0,0.4,0,0.6
log1p_standardscaler,8,44,validation,3,2,74.5,5190.5,5620,158.5,2265,15,1,0,0,0,1
log1p_standardscaler,8,44,validation,4,9,3463,3801,2313,744,351,925,1,0,0.222222222222222,0.111111111111111,0.666666666666667
log1p_standardscaler,8,44,validation,5,14,1152.5,9107.5,13916.5,342.5,6393.5,753.5,0.142857142857143,0.857142857142857,0.357142857142857,0,0.642857142857143
log1p_standardscaler,8,44,validation,6,9,8257,4737,8253,1456,2208,239,0.444444444444444,0.555555555555556,0.222222222222222,0.222222222222222,0.555555555555556
log1p_standardscaler,8,44,validation,7,22,11040,1149.5,1788.5,3365,263.5,714,0.909090909090909,0.0909090909090909,0.0909090909090909,0.136363636363636,0.772727272727273
log1p_standardscaler,8,45,train,0,22,8735,577,859,1497,98.5,303,1,0,0.318181818181818,0,0.681818181818182
log1p_standardscaler,8,45,train,1,37,9670,3686,4910,633,1382,548,0.756756756756757,0.243243243243243,0.189189189189189,0.0540540540540541,0.756756756756757
log1p_standardscaler,8,45,train,2,11,503,879,2216,414,223,127,1,0,0.181818181818182,0.272727272727273,0.545454545454545
log1p_standardscaler,8,45,train,3,49,8797,8808,13916,1374,6374,1970,0.0816326530612245,0.918367346938776,0.204081632653061,0.102040816326531,0.693877551020408
log1p_standardscaler,8,45,train,4,65,15881,1990,2914,4324,399,960,0.969230769230769,0.0307692307692308,0.215384615384615,0.153846153846154,0.630769230769231
log1p_standardscaler,8,45,train,5,41,7005,1780,2174,1038,170,712,1,0,0.170731707317073,0.0487804878048781,0.780487804878049
log1p_standardscaler,8,45,train,6,18,368,6011,13954.5,356.5,6491.5,686.5,0.166666666666667,0.833333333333333,0.0555555555555556,0.222222222222222,0.722222222222222
log1p_standardscaler,8,45,train,7,21,24904,7260,6633,8321,763,3095,0.952380952380952,0.0476190476190476,0.285714285714286,0,0.714285714285714
log1p_standardscaler,8,45,validation,0,10,8462.5,861.5,1071,2545.5,224.5,226,1,0,0.2,0,0.8
log1p_standardscaler,8,45,validation,1,13,9413,4737,6407,559,2371,405,0.461538461538462,0.538461538461538,0.230769230769231,0.153846153846154,0.615384615384615
log1p_standardscaler,8,45,validation,2,3,140,1534,3823,175,1062,27,1,0,0,0,1
log1p_standardscaler,8,45,validation,3,20,6070,10300,14284,1331.5,6606.5,1451,0,1,0.2,0.15,0.65
log1p_standardscaler,8,45,validation,4,15,11693,1530,2010,5845,274,1068,0.866666666666667,0.133333333333333,0,0.2,0.8
log1p_standardscaler,8,45,validation,5,11,3884,2761,2109,876,264,776,1,0,0.272727272727273,0.0909090909090909,0.636363636363636
log1p_standardscaler,8,45,validation,6,11,1107,8675,15205,402,7818,710,0.0909090909090909,0.909090909090909,0.272727272727273,0,0.727272727272727
log1p_standardscaler,8,45,validation,7,5,22615,5025,7198,6312,1579,5137,0.8,0.2,0,0,1
log1p_standardscaler,8,46,train,0,18,9698.5,533,833.5,1639,75.5,342.5,1,0,0.333333333333333,0,0.666666666666667
log1p_standardscaler,8,46,train,1,34,5613.5,4557.5,6758.5,442.5,1759.5,524.5,0.617647058823529,0.382352941176471,0.235294117647059,0.0588235294117647,0.705882352941177
log1p_standardscaler,8,46,train,2,11,622,727,2060,469,409,52,1,0,0.272727272727273,0.0909090909090909,0.636363636363636
log1p_standardscaler,8,46,train,3,13,180,5758,11532,440,5618,666,0.230769230769231,0.769230769230769,0,0.230769230769231,0.769230769230769
log1p_standardscaler,8,46,train,4,51,9198,8384,13792,1365,5828,2017,0.0980392156862745,0.901960784313726,0.196078431372549,0.0980392156862745,0.705882352941177
log1p_standardscaler,8,46,train,5,68,11743,1893,2610,3713.5,405,900.5,1,0,0.205882352941176,0.176470588235294,0.617647058823529
log1p_standardscaler,8,46,train,6,39,6987,1780,2177,977,170,712,1,0,0.128205128205128,0.0769230769230769,0.794871794871795
log1p_standardscaler,8,46,train,7,30,26552,5747.5,6075.5,6895,776,2469,0.9,0.1,0.266666666666667,0,0.733333333333333
log1p_standardscaler,8,46,validation,0,8,8462.5,804.5,962.5,2556,181,313.5,1,0,0.375,0,0.625
log1p_standardscaler,8,46,validation,1,16,7922.5,5008,8017,545.5,2658.5,374.5,0.4375,0.5625,0.1875,0.125,0.6875
log1p_standardscaler,8,46,validation,2,3,608,7152,3823,830,90,3,1,0,0,0,1
log1p_standardscaler,8,46,validation,3,6,239.5,8176,13916.5,610,5906,519.5,0.166666666666667,0.833333333333333,0.166666666666667,0,0.833333333333333
log1p_standardscaler,8,46,validation,4,23,5550,10690,16767,1158,6728,1426,0,1,0.260869565217391,0.130434782608696,0.608695652173913
log1p_standardscaler,8,46,validation,5,17,10766,1486,1939,3019,274,739,0.882352941176471,0.117647058823529,0.0588235294117647,0.176470588235294,0.764705882352941
log1p_standardscaler,8,46,validation,6,8,3055,3281,2212.5,761.5,326.5,1039,1,0,0.125,0.125,0.75
log1p_standardscaler,8,46,validation,7,7,19046,3634,6100,6386,1480,2708,0.857142857142857,0.142857142857143,0,0,1
log1p_standardscaler,8,47,train,0,2,3,1626.5,6636.5,8020.5,119,629.5,1,0,0,0.5,0.5
log1p_standardscaler,8,47,train,1,73,9790,1610,2464,3527,276,772,1,0,0.232876712328767,0.150684931506849,0.616438356164384
log1p_standardscaler,8,47,train,2,32,25134.5,5419,5522,6276,776,2469,0.90625,0.09375,0.28125,0,0.71875
log1p_standardscaler,8,47,train,3,21,6211,577,778,1112,79,258,1,0,0.238095238095238,0.0476190476190476,0.714285714285714
log1p_standardscaler,8,47,train,4,48,8997.5,9020,12886.5,1606,5151.5,1870.5,0.104166666666667,0.895833333333333,0.1875,0.104166666666667,0.708333333333333
log1p_standardscaler,8,47,train,5,26,2511.5,5956,11293.5,325,5799,885,0.192307692307692,0.807692307692308,0.0769230769230769,0.153846153846154,0.769230769230769
log1p_standardscaler,8,47,train,6,8,385.5,1096.5,2913,195,443,81,0.75,0.25,0.25,0.125,0.625
log1p_standardscaler,8,47,train,7,54,9318.5,3186,3008,760,377.5,764,0.944444444444444,0.0555555555555556,0.185185185185185,0.0555555555555556,0.759259259259259
log1p_standardscaler,8,47,validation,1,22,11085.5,1149.5,1788.5,3183,263.5,686.5,0.909090909090909,0.0909090909090909,0.0909090909090909,0.136363636363636,0.772727272727273
log1p_standardscaler,8,47,validation,2,7,19046,3634,6100,6386,1480,2708,0.857142857142857,0.142857142857143,0,0,1
log1p_standardscaler,8,47,validation,3,5,4720,894,950,1092,197,285,1,0,0.4,0,0.6
log1p_standardscaler,8,47,validation,4,21,6758,10556,13586,1504,6506,1451,0,1,0.142857142857143,0.142857142857143,0.714285714285714
log1p_standardscaler,8,47,validation,5,16,1571.5,7590.5,12476,342.5,6393.5,692,0.1875,0.8125,0.375,0,0.625
log1p_standardscaler,8,47,validation,6,2,74.5,5190.5,5620,158.5,2265,15,1,0,0,0,1
log1p_standardscaler,8,47,validation,7,15,8257,3801,2842,688,562,776,0.8,0.2,0.133333333333333,0.2,0.666666666666667
log1p_standardscaler,8,48,train,0,45,7842,6154,9170,1031,3321,1892,0.4,0.6,0.2,0.0666666666666667,0.733333333333333
log1p_standardscaler,8,48,train,1,17,4048,2713,3558,264,706,70,0.705882352941177,0.294117647058824,0.176470588235294,0.117647058823529,0.705882352941177
log1p_standardscaler,8,48,train,2,49,19899,3965,4329,6422,536,1824,0.938775510204082,0.0612244897959184,0.244897959183673,0.102040816326531,0.653061224489796
log1p_standardscaler,8,48,train,3,89,9612,1750,2251,1777,257,615,1,0,0.202247191011236,0.0786516853932584,0.719101123595506
log1p_standardscaler,8,48,train,4,25,9198,14399,21570,2693,8969,1838,0.12,0.88,0.2,0.12,0.68
log1p_standardscaler,8,48,train,5,18,368,6011,13954.5,356.5,6491.5,686.5,0.166666666666667,0.833333333333333,0.0555555555555556,0.222222222222222,0.722222222222222
log1p_standardscaler,8,48,train,6,16,6787,356.5,634,1390.5,52.5,291.5,1,0,0.3125,0,0.6875
log1p_standardscaler,8,48,train,7,5,286,899,5241,1383,88,709,1,0,0.2,0.4,0.4
log1p_standardscaler,8,48,validation,0,17,9413,6257,8814,902,2730,1278,0.294117647058824,0.705882352941177,0.0588235294117647,0.176470588235294,0.764705882352941
log1p_standardscaler,8,48,validation,1,4,5064.5,5944.5,5661.5,1681.5,1635,61.5,0.5,0.5,0.25,0.25,0.5
log1p_standardscaler,8,48,validation,2,11,19046,3090,2543,8853,483,2698,0.818181818181818,0.181818181818182,0,0.0909090909090909,0.909090909090909
log1p_standardscaler,8,48,validation,3,24,8509.5,1508,2005,2082.5,294.5,686.5,0.958333333333333,0.0416666666666667,0.208333333333333,0.125,0.666666666666667
log1p_standardscaler,8,48,validation,4,12,5778,10824.5,19640,1864.5,8014.5,1762,0,1,0.25,0.0833333333333333,0.666666666666667
log1p_standardscaler,8,48,validation,5,14,1152.5,8176,13916.5,279,6922.5,498.5,0.214285714285714,0.785714285714286,0.285714285714286,0,0.714285714285714
log1p_standardscaler,8,48,validation,6,4,6890.5,861.5,608.5,3478.5,224.5,240.5,1,0,0.25,0,0.75
log1p_standardscaler,8,48,validation,7,2,563,2643,2566.5,744.5,106,424.5,1,0,0,0,1
log1p_standardscaler,8,49,train,0,39,11210,3683,4910,660,1216,548,0.769230769230769,0.230769230769231,0.205128205128205,0.0769230769230769,0.717948717948718
log1p_standardscaler,8,49,train,1,43,7769,1020,1651,1103,113,518,1,0,0.186046511627907,0.0697674418604651,0.744186046511628
log1p_standardscaler,8,49,train,2,30,26552,5747.5,6075.5,6895,776,2469,0.9,0.1,0.266666666666667,0,0.733333333333333
log1p_standardscaler,8,49,train,3,41,10362,9776,14886,1669,6374,1874,0.0975609756097561,0.902439024390244,0.195121951219512,0.0975609756097561,0.707317073170732
log1p_standardscaler,8,49,train,4,13,964,685,2012,597,334,52,1,0,0.230769230769231,0.0769230769230769,0.692307692307692
log1p_standardscaler,8,49,train,5,25,1479,6570,13227,388,6236,1328,0.16,0.84,0.12,0.2,0.68
log1p_standardscaler,8,49,train,6,69,9898,1916,2500,3703,325,987,1,0,0.231884057971014,0.130434782608696,0.63768115942029
log1p_standardscaler,8,49,train,7,4,13,1945.5,7569.5,292.5,2048.5,383.5,0.5,0.5,0,0.25,0.75
log1p_standardscaler,8,49,validation,0,14,9541.5,4051,5180,662.5,1737,572.5,0.571428571428571,0.428571428571429,0.214285714285714,0.142857142857143,0.642857142857143
log1p_standardscaler,8,49,validation,1,9,6884,899,1382,1457,252,378,1,0,0.222222222222222,0,0.777777777777778
log1p_standardscaler,8,49,validation,2,6,20830.5,4329.5,6649,6349,1529.5,3922.5,0.833333333333333,0.166666666666667,0,0,1
log1p_standardscaler,8,49,validation,3,18,6446,10748,14284,1331.5,6717.5,1451,0,1,0.111111111111111,0.166666666666667,0.722222222222222
log1p_standardscaler,8,49,validation,4,5,4720,1106,3823,2995,165,46,1,0,0.2,0,0.8
log1p_standardscaler,8,49,validation,5,16,1326,8176,13916.5,342.5,6393.5,713,0.1875,0.8125,0.375,0,0.625
log1p_standardscaler,8,49,validation,6,19,11314,1887,1939,3383,274,911,0.894736842105263,0.105263157894737,0.0526315789473684,0.210526315789474,0.736842105263158
log1p_standardscaler,8,49,validation,7,1,9,1534,7417,175,3468,27,1,0,0,0,1
log1p_standardscaler,8,50,train,0,66,11610.5,1875.5,2601,3738,392,851,1,0,0.212121212121212,0.166666666666667,0.621212121212121
log1p_standardscaler,8,50,train,1,53,9759,8053,13792,1329,5162,2017,0.132075471698113,0.867924528301887,0.226415094339623,0.0943396226415094,0.679245283018868
log1p_standardscaler,8,50,train,2,14,221.5,6011,13107,393,5799,708,0.214285714285714,0.785714285714286,0.0714285714285714,0.142857142857143,0.785714285714286
log1p_standardscaler,8,50,train,3,10,522.5,803,2138,339,237,89.5,1,0,0.2,0.3,0.5
log1p_standardscaler,8,50,train,4,45,7388,1970,2431,868,199,786,1,0,0.133333333333333,0.0666666666666667,0.8
log1p_standardscaler,8,50,train,5,25,5264,5008,6996,364,2505,395,0.52,0.48,0.16,0.08,0.76
log1p_standardscaler,8,50,train,6,30,26552,5747.5,6075.5,6895,776,2469,0.9,0.1,0.266666666666667,0,0.733333333333333
log1p_standardscaler,8,50,train,7,21,9612,577,864,1393,86,296,1,0,0.333333333333333,0,0.666666666666667
log1p_standardscaler,8,50,validation,0,17,11314,1530,1939,3383,264,790,0.882352941176471,0.117647058823529,0.0588235294117647,0.176470588235294,0.764705882352941
log1p_standardscaler,8,50,validation,1,23,6006,10556,14982,1026,6707,1451,0,1,0.260869565217391,0.0869565217391304,0.652173913043478
log1p_standardscaler,8,50,validation,2,6,387,8176,13916.5,610,6922.5,1273.5,0,1,0.166666666666667,0,0.833333333333333
log1p_standardscaler,8,50,validation,3,3,140,1534,3823,175,1062,27,1,0,0,0,1
log1p_standardscaler,8,50,validation,4,10,3673.5,3281,2340.5,701.5,374,850.5,1,0,0.2,0.1,0.7
log1p_standardscaler,8,50,validation,5,13,6137,4737,8335,688,3084,254,0.384615384615385,0.615384615384615,0.153846153846154,0.230769230769231,0.615384615384615
log1p_standardscaler,8,50,validation,6,6,20830.5,4329.5,6649,6349,1529.5,3922.5,0.833333333333333,0.166666666666667,0,0,1
log1p_standardscaler,8,50,validation,7,10,9913.5,861.5,1178.5,2545.5,181,226,1,0,0.3,0,0.7
log1p_standardscaler,8,51,train,0,67,12754,1801,2530,3752,387,868,1,0,0.253731343283582,0.134328358208955,0.611940298507463
log1p_standardscaler,8,51,train,1,14,221.5,6011,13107,393,5799,708,0.214285714285714,0.785714285714286,0.0714285714285714,0.142857142857143,0.785714285714286
log1p_standardscaler,8,51,train,2,18,6787,421,634,1297,71,277,1,0,0.277777777777778,0,0.722222222222222
log1p_standardscaler,8,51,train,3,25,9759,13240,21570,2616,8969,1625,0.04,0.96,0.2,0.12,0.68
log1p_standardscaler,8,51,train,4,41,5509,1601,2155,977,173,665,1,0,0.0975609756097561,0.121951219512195,0.780487804878049
log1p_standardscaler,8,51,train,5,23,8590,3677,4754,541,850,142,0.695652173913043,0.304347826086957,0.217391304347826,0.130434782608696,0.652173913043478
log1p_standardscaler,8,51,train,6,31,25203,5989,6536,6422,788,2435,0.870967741935484,0.129032258064516,0.258064516129032,0,0.741935483870968
log1p_standardscaler,8,51,train,7,45,7579,6036,9212,868,3143,1874,0.422222222222222,0.577777777777778,0.2,0.0888888888888889,0.711111111111111
log1p_standardscaler,8,51,validation,0,19,11314,1175,2010,5127,301,790,0.894736842105263,0.105263157894737,0,0.210526315789474,0.789473684210526
log1p_standardscaler,8,51,validation,1,6,239.5,8176,13916.5,610,5906,519.5,0.166666666666667,0.833333333333333,0.166666666666667,0,0.833333333333333
log1p_standardscaler,8,51,validation,2,5,6373,780,950,1457,197,342,1,0,0.4,0,0.6
log1p_standardscaler,8,51,validation,3,15,5550,11114,20399,1741,8604,1426,0,1,0.333333333333333,0.0666666666666667,0.6
log1p_standardscaler,8,51,validation,4,12,3673.5,2997.5,1975,804.5,263.5,719,1,0,0.333333333333333,0,0.666666666666667
log1p_standardscaler,8,51,validation,5,11,5626,6964,8253,417,2730,239,0.454545454545455,0.545454545454545,0.181818181818182,0.0909090909090909,0.727272727272727
log1p_standardscaler,8,51,validation,6,6,20830.5,5217.5,7657.5,6349,1529.5,2944.5,0.666666666666667,0.333333333333333,0,0,1
log1p_standardscaler,8,51,validation,7,14,7733,6204.5,10334.5,768,3811,1364.5,0.285714285714286,0.714285714285714,0.0714285714285714,0.214285714285714,0.714285714285714
